Belgium,Belgium Jupiler League,,2008/2009,43,56
Netherlands,Netherlands Eredivisie,,2008/2009,27,27
Poland,Poland Ekstraklasa,,2015/2016,21,19
Portugal,Portugal Liga ZON Sagres,,2011/2012,13,19
Portugal,Portugal Liga ZON Sagres,,2015/2016,34,43
Portugal,Portugal Liga ZON Sagres,,2010/2011,18,24
Portugal,Portugal Liga ZON Sagres,,2008/2009,30,36
Switzerland,Switzerland Super League,,2015/2016,25,31
Germany,Germany 1. Bundesliga,1. FC Kaiserslautern,2011/2012,12,28
Germany,Germany 1. Bundesliga,1. FC Kaiserslautern,2010/2011,25,19
Germany,Germany 1. Bundesliga,1. FC Köln,2011/2012,20,29
Germany,Germany 1. Bundesliga,1. FC Köln,2009/2010,18,29
Germany,Germany 1. Bundesliga,1. FC Köln,2008/2009,14,25
Germany,Germany 1. Bundesliga,1. FC Köln,2014/2015,18,17
Germany,Germany 1. Bundesliga,1. FC Köln,2015/2016,16,18
Germany,Germany 1. Bundesliga,1. FC Köln,2010/2011,30,21
Germany,Germany 1. Bundesliga,1. FC Nürnberg,2012/2013,24,19
Germany,Germany 1. Bundesliga,1. FC Nürnberg,2011/2012,22,25
Germany,Germany 1. Bundesliga,1. FC Nürnberg,2013/2014,16,32
Germany,Germany 1. Bundesliga,1. FC Nürnberg,2010/2011,28,19
Germany,Germany 1. Bundesliga,1. FC Nürnberg,2009/2010,18,23
Germany,Germany 1. Bundesliga,1. FSV Mainz 05,2014/2015,27,19
Germany,Germany 1. Bundesliga,1. FSV Mainz 05,2009/2010,22,14
Germany,Germany 1. Bundesliga,1. FSV Mainz 05,2012/2013,22,19
Germany,Germany 1. Bundesliga,1. FSV Mainz 05,2015/2016,23,18
Germany,Germany 1. Bundesliga,1. FSV Mainz 05,2013/2014,28,17
Germany,Germany 1. Bundesliga,1. FSV Mainz 05,2010/2011,22,16
Germany,Germany 1. Bundesliga,1. FSV Mainz 05,2011/2012,27,26
Scotland,Scotland Premier League,Aberdeen,2014/2015,32,15
Scotland,Scotland Premier League,Aberdeen,2012/2013,18,15
Scotland,Scotland Premier League,Aberdeen,2011/2012,22,16
Scotland,Scotland Premier League,Aberdeen,2013/2014,20,13
Scotland,Scotland Premier League,Aberdeen,2015/2016,30,19
Scotland,Scotland Premier League,Aberdeen,2010/2011,22,21
Scotland,Scotland Premier League,Aberdeen,2009/2010,20,31
Scotland,Scotland Premier League,Aberdeen,2008/2009,22,17
France,France Ligue 1,AC Ajaccio,2013/2014,23,33
France,France Ligue 1,AC Ajaccio,2011/2012,22,24
France,France Ligue 1,AC Ajaccio,2012/2013,19,20
France,France Ligue 1,AC Arles-Avignon,2010/2011,14,31
Switzerland,Switzerland Super League,AC Bellinzona,2009/2010,24,40
Switzerland,Switzerland Super League,AC Bellinzona,2010/2011,21,34
Switzerland,Switzerland Super League,AC Bellinzona,2008/2009,29,23
Portugal,Portugal Liga ZON Sagres,Académica de Coimbra,2009/2010,20,20
Portugal,Portugal Liga ZON Sagres,Académica de Coimbra,2013/2014,13,16
Portugal,Portugal Liga ZON Sagres,Académica de Coimbra,2015/2016,20,28
Portugal,Portugal Liga ZON Sagres,Académica de Coimbra,2010/2011,16,17
Portugal,Portugal Liga ZON Sagres,Académica de Coimbra,2012/2013,22,27
Portugal,Portugal Liga ZON Sagres,Académica de Coimbra,2011/2012,11,12
Portugal,Portugal Liga ZON Sagres,Académica de Coimbra,2014/2015,16,23
Portugal,Portugal Liga ZON Sagres,Académica de Coimbra,2008/2009,18,13
Netherlands,Netherlands Eredivisie,ADO Den Haag,2015/2016,20,22
Netherlands,Netherlands Eredivisie,ADO Den Haag,2012/2013,25,28
Netherlands,Netherlands Eredivisie,ADO Den Haag,2010/2011,36,25
Netherlands,Netherlands Eredivisie,ADO Den Haag,2009/2010,21,28
Netherlands,Netherlands Eredivisie,ADO Den Haag,2011/2012,22,26
Netherlands,Netherlands Eredivisie,ADO Den Haag,2008/2009,21,18
Netherlands,Netherlands Eredivisie,ADO Den Haag,2014/2015,30,23
Netherlands,Netherlands Eredivisie,ADO Den Haag,2013/2014,29,30
France,France Ligue 1,AJ Auxerre,2011/2012,30,28
France,France Ligue 1,AJ Auxerre,2010/2011,26,18
France,France Ligue 1,AJ Auxerre,2009/2010,24,14
France,France Ligue 1,AJ Auxerre,2008/2009,18,12
Netherlands,Netherlands Eredivisie,Ajax,2015/2016,49,12
Netherlands,Netherlands Eredivisie,Ajax,2008/2009,41,9
Netherlands,Netherlands Eredivisie,Ajax,2013/2014,42,9
Netherlands,Netherlands Eredivisie,Ajax,2014/2015,37,11
Netherlands,Netherlands Eredivisie,Ajax,2010/2011,38,9
Netherlands,Netherlands Eredivisie,Ajax,2009/2010,64,4
Netherlands,Netherlands Eredivisie,Ajax,2012/2013,40,10
Netherlands,Netherlands Eredivisie,Ajax,2011/2012,49,14
France,France Ligue 1,Angers SCO,2015/2016,20,15
Poland,Poland Ekstraklasa,Arka Gdynia,2009/2010,14,17
Poland,Poland Ekstraklasa,Arka Gdynia,2010/2011,19,19
Poland,Poland Ekstraklasa,Arka Gdynia,2008/2009,19,17
England,England Premier League,Arsenal,2015/2016,31,11
England,England Premier League,Arsenal,2014/2015,41,14
England,England Premier League,Arsenal,2010/2011,33,15
England,England Premier League,Arsenal,2012/2013,47,23
England,England Premier League,Arsenal,2011/2012,39,17
England,England Premier League,Arsenal,2013/2014,36,11
England,England Premier League,Arsenal,2008/2009,31,16
England,England Premier League,Arsenal,2009/2010,48,15
France,France Ligue 1,AS Monaco,2009/2010,26,14
France,France Ligue 1,AS Monaco,2014/2015,23,10
France,France Ligue 1,AS Monaco,2013/2014,32,14
France,France Ligue 1,AS Monaco,2015/2016,30,19
France,France Ligue 1,AS Monaco,2008/2009,26,23
France,France Ligue 1,AS Monaco,2010/2011,16,17
France,France Ligue 1,AS Nancy-Lorraine,2011/2012,24,24
France,France Ligue 1,AS Nancy-Lorraine,2012/2013,17,26
France,France Ligue 1,AS Nancy-Lorraine,2009/2010,20,26
France,France Ligue 1,AS Nancy-Lorraine,2010/2011,23,21
France,France Ligue 1,AS Nancy-Lorraine,2008/2009,19,19
France,France Ligue 1,AS Saint-Étienne,2012/2013,36,13
France,France Ligue 1,AS Saint-Étienne,2013/2014,36,15
France,France Ligue 1,AS Saint-Étienne,2008/2009,25,23
France,France Ligue 1,AS Saint-Étienne,2014/2015,32,11
France,France Ligue 1,AS Saint-Étienne,2015/2016,25,15
France,France Ligue 1,AS Saint-Étienne,2011/2012,27,20
France,France Ligue 1,AS Saint-Étienne,2010/2011,29,25
France,France Ligue 1,AS Saint-Étienne,2009/2010,13,16
England,England Premier League,Aston Villa,2012/2013,23,28
England,England Premier League,Aston Villa,2010/2011,26,19
England,England Premier League,Aston Villa,2011/2012,20,25
England,England Premier League,Aston Villa,2008/2009,27,21
England,England Premier League,Aston Villa,2014/2015,18,25
England,England Premier League,Aston Villa,2013/2014,22,29
England,England Premier League,Aston Villa,2009/2010,29,16
England,England Premier League,Aston Villa,2015/2016,14,35
Italy,Italy Serie A,Atalanta,2014/2015,22,33
Italy,Italy Serie A,Atalanta,2008/2009,28,17
Italy,Italy Serie A,Atalanta,2012/2013,19,24
Italy,Italy Serie A,Atalanta,2009/2010,24,20
Italy,Italy Serie A,Atalanta,2011/2012,22,14
Italy,Italy Serie A,Atalanta,2015/2016,27,21
Italy,Italy Serie A,Atalanta,2013/2014,28,22
Spain,Spain LIGA BBVA,Athletic Club de Bilbao,2008/2009,28,29
Spain,Spain LIGA BBVA,Athletic Club de Bilbao,2010/2011,32,20
Spain,Spain LIGA BBVA,Athletic Club de Bilbao,2012/2013,22,27
Spain,Spain LIGA BBVA,Athletic Club de Bilbao,2014/2015,28,20
Spain,Spain LIGA BBVA,Athletic Club de Bilbao,2015/2016,35,17
Spain,Spain LIGA BBVA,Athletic Club de Bilbao,2009/2010,34,24
Spain,Spain LIGA BBVA,Athletic Club de Bilbao,2013/2014,42,18
Spain,Spain LIGA BBVA,Athletic Club de Bilbao,2011/2012,29,21
Spain,Spain LIGA BBVA,Atlético Madrid,2008/2009,47,23
Spain,Spain LIGA BBVA,Atlético Madrid,2013/2014,49,10
Spain,Spain LIGA BBVA,Atlético Madrid,2015/2016,33,7
Spain,Spain LIGA BBVA,Atlético Madrid,2009/2010,37,24
Spain,Spain LIGA BBVA,Atlético Madrid,2014/2015,42,11
Spain,Spain LIGA BBVA,Atlético Madrid,2010/2011,35,20
Spain,Spain LIGA BBVA,Atlético Madrid,2012/2013,42,12
Spain,Spain LIGA BBVA,Atlético Madrid,2011/2012,36,17
Netherlands,Netherlands Eredivisie,AZ,2009/2010,33,16
Netherlands,Netherlands Eredivisie,AZ,2010/2011,37,20
Netherlands,Netherlands Eredivisie,AZ,2015/2016,38,24
Netherlands,Netherlands Eredivisie,AZ,2014/2015,30,27
Netherlands,Netherlands Eredivisie,AZ,2013/2014,36,18
Netherlands,Netherlands Eredivisie,AZ,2008/2009,38,7
Netherlands,Netherlands Eredivisie,AZ,2012/2013,29,23
Netherlands,Netherlands Eredivisie,AZ,2011/2012,38,10
Italy,Italy Serie A,Bari,2009/2010,30,15
Italy,Italy Serie A,Bari,2010/2011,12,28
Germany,Germany 1. Bundesliga,Bayer 04 Leverkusen,2011/2012,28,24
Germany,Germany 1. Bundesliga,Bayer 04 Leverkusen,2012/2013,36,15
Germany,Germany 1. Bundesliga,Bayer 04 Leverkusen,2014/2015,39,15
Germany,Germany 1. Bundesliga,Bayer 04 Leverkusen,2015/2016,31,17
Germany,Germany 1. Bundesliga,Bayer 04 Leverkusen,2010/2011,33,24
Germany,Germany 1. Bundesliga,Bayer 04 Leverkusen,2013/2014,35,22
Germany,Germany 1. Bundesliga,Bayer 04 Leverkusen,2008/2009,31,22
Germany,Germany 1. Bundesliga,Bayer 04 Leverkusen,2009/2010,37,14
Belgium,Belgium Jupiler League,Beerschot AC,2011/2012,26,13
Belgium,Belgium Jupiler League,Beerschot AC,2012/2013,20,34
Belgium,Belgium Jupiler League,Beerschot AC,2008/2009,32,19
Belgium,Belgium Jupiler League,Beerschot AC,2010/2011,14,10
Belgium,Belgium Jupiler League,Beerschot AC,2009/2010,20,22
England,England Premier League,Birmingham City,2010/2011,19,22
England,England Premier League,Birmingham City,2009/2010,19,13
England,England Premier League,Blackburn Rovers,2011/2012,26,33
England,England Premier League,Blackburn Rovers,2008/2009,22,23
England,England Premier League,Blackburn Rovers,2010/2011,22,16
England,England Premier League,Blackburn Rovers,2009/2010,28,18
England,England Premier League,Blackpool,2010/2011,30,37
Portugal,Portugal Liga ZON Sagres,Boavista FC,2015/2016,10,17
Portugal,Portugal Liga ZON Sagres,Boavista FC,2014/2015,20,19
Italy,Italy Serie A,Bologna,2015/2016,20,21
Italy,Italy Serie A,Bologna,2013/2014,15,27
Italy,Italy Serie A,Bologna,2012/2013,30,24
Italy,Italy Serie A,Bologna,2011/2012,21,23
Italy,Italy Serie A,Bologna,2010/2011,17,20
Italy,Italy Serie A,Bologna,2008/2009,27,31
Italy,Italy Serie A,Bologna,2009/2010,25,27
England,England Premier League,Bolton Wanderers,2008/2009,21,21
England,England Premier League,Bolton Wanderers,2010/2011,34,24
England,England Premier League,Bolton Wanderers,2011/2012,23,39
England,England Premier League,Bolton Wanderers,2009/2010,26,31
Germany,Germany 1. Bundesliga,Borussia Dortmund,2009/2010,29,14
Germany,Germany 1. Bundesliga,Borussia Dortmund,2014/2015,26,15
Germany,Germany 1. Bundesliga,Borussia Dortmund,2015/2016,49,14
Germany,Germany 1. Bundesliga,Borussia Dortmund,2008/2009,34,11
Germany,Germany 1. Bundesliga,Borussia Dortmund,2011/2012,44,12
Germany,Germany 1. Bundesliga,Borussia Dortmund,2012/2013,40,19
Germany,Germany 1. Bundesliga,Borussia Dortmund,2013/2014,41,19
Germany,Germany 1. Bundesliga,Borussia Dortmund,2010/2011,35,8
Germany,Germany 1. Bundesliga,Borussia Mönchengladbach,2011/2012,29,10
Germany,Germany 1. Bundesliga,Borussia Mönchengladbach,2009/2010,25,22
Germany,Germany 1. Bundesliga,Borussia Mönchengladbach,2013/2014,38,17
Germany,Germany 1. Bundesliga,Borussia Mönchengladbach,2008/2009,23,27
Germany,Germany 1. Bundesliga,Borussia Mönchengladbach,2014/2015,32,14
Germany,Germany 1. Bundesliga,Borussia Mönchengladbach,2015/2016,42,18
Germany,Germany 1. Bundesliga,Borussia Mönchengladbach,2012/2013,27,20
Germany,Germany 1. Bundesliga,Borussia Mönchengladbach,2010/2011,26,31
England,England Premier League,Bournemouth,2015/2016,23,34
Italy,Italy Serie A,Brescia,2010/2011,22,24
Switzerland,Switzerland Super League,BSC Young Boys,2011/2012,32,21
Switzerland,Switzerland Super League,BSC Young Boys,2012/2013,34,19
Switzerland,Switzerland Super League,BSC Young Boys,2014/2015,42,21
Switzerland,Switzerland Super League,BSC Young Boys,2013/2014,32,25
Switzerland,Switzerland Super League,BSC Young Boys,2010/2011,35,23
Switzerland,Switzerland Super League,BSC Young Boys,2008/2009,53,20
Switzerland,Switzerland Super League,BSC Young Boys,2009/2010,41,13
Switzerland,Switzerland Super League,BSC Young Boys,2015/2016,50,24
England,England Premier League,Burnley,2009/2010,25,30
England,England Premier League,Burnley,2014/2015,14,21
Spain,Spain LIGA BBVA,CA Osasuna,2012/2013,15,14
Spain,Spain LIGA BBVA,CA Osasuna,2009/2010,21,16
Spain,Spain LIGA BBVA,CA Osasuna,2008/2009,27,22
Spain,Spain LIGA BBVA,CA Osasuna,2013/2014,20,25
Spain,Spain LIGA BBVA,CA Osasuna,2010/2011,28,14
Spain,Spain LIGA BBVA,CA Osasuna,2011/2012,26,19
Italy,Italy Serie A,Cagliari,2010/2011,27,23
Italy,Italy Serie A,Cagliari,2012/2013,24,24
Italy,Italy Serie A,Cagliari,2014/2015,24,36
Italy,Italy Serie A,Cagliari,2011/2012,21,16
Italy,Italy Serie A,Cagliari,2009/2010,37,29
Italy,Italy Serie A,Cagliari,2008/2009,24,12
Italy,Italy Serie A,Cagliari,2013/2014,24,27
England,England Premier League,Cardiff City,2013/2014,20,35
Italy,Italy Serie A,Carpi,2015/2016,23,26
Italy,Italy Serie A,Catania,2009/2010,25,15
Italy,Italy Serie A,Catania,2010/2011,27,19
Italy,Italy Serie A,Catania,2008/2009,24,22
Italy,Italy Serie A,Catania,2013/2014,25,25
Italy,Italy Serie A,Catania,2012/2013,31,15
Italy,Italy Serie A,Catania,2011/2012,23,15
Portugal,Portugal Liga ZON Sagres,CD Nacional,2014/2015,27,12
Portugal,Portugal Liga ZON Sagres,CD Nacional,2008/2009,24,14
Portugal,Portugal Liga ZON Sagres,CD Nacional,2013/2014,23,14
Portugal,Portugal Liga ZON Sagres,CD Nacional,2010/2011,14,12
Portugal,Portugal Liga ZON Sagres,CD Nacional,2015/2016,29,24
Portugal,Portugal Liga ZON Sagres,CD Nacional,2011/2012,24,23
Portugal,Portugal Liga ZON Sagres,CD Nacional,2012/2013,26,25
Portugal,Portugal Liga ZON Sagres,CD Nacional,2009/2010,20,16
Spain,Spain LIGA BBVA,CD Numancia,2008/2009,23,22
Spain,Spain LIGA BBVA,CD Tenerife,2009/2010,26,29
Scotland,Scotland Premier League,Celtic,2013/2014,50,10
Scotland,Scotland Premier League,Celtic,2012/2013,52,14
Scotland,Scotland Premier League,Celtic,2009/2010,42,14
Scotland,Scotland Premier League,Celtic,2015/2016,55,12
Scotland,Scotland Premier League,Celtic,2010/2011,51,11
Scotland,Scotland Premier League,Celtic,2014/2015,50,8
Scotland,Scotland Premier League,Celtic,2008/2009,48,13
Scotland,Scotland Premier League,Celtic,2011/2012,41,6
Italy,Italy Serie A,Cesena,2014/2015,19,31
Italy,Italy Serie A,Cesena,2010/2011,17,21
Italy,Italy Serie A,Cesena,2011/2012,15,22
Portugal,Portugal Liga ZON Sagres,CF Os Belenenses,2013/2014,14,15
Portugal,Portugal Liga ZON Sagres,CF Os Belenenses,2009/2010,12,28
Portugal,Portugal Liga ZON Sagres,CF Os Belenenses,2014/2015,17,17
Portugal,Portugal Liga ZON Sagres,CF Os Belenenses,2015/2016,24,31
Portugal,Portugal Liga ZON Sagres,CF Os Belenenses,2008/2009,16,25
England,England Premier League,Chelsea,2009/2010,68,14
England,England Premier League,Chelsea,2008/2009,33,12
England,England Premier League,Chelsea,2015/2016,32,30
England,England Premier League,Chelsea,2011/2012,41,24
England,England Premier League,Chelsea,2012/2013,41,16
England,England Premier League,Chelsea,2013/2014,43,11
England,England Premier League,Chelsea,2010/2011,39,13
England,England Premier League,Chelsea,2014/2015,36,9
Italy,Italy Serie A,Chievo Verona,2009/2010,20,21
Italy,Italy Serie A,Chievo Verona,2010/2011,15,13
Italy,Italy Serie A,Chievo Verona,2013/2014,19,22
Italy,Italy Serie A,Chievo Verona,2014/2015,16,19
Italy,Italy Serie A,Chievo Verona,2008/2009,15,23
Italy,Italy Serie A,Chievo Verona,2011/2012,16,15
Italy,Italy Serie A,Chievo Verona,2012/2013,18,16
Italy,Italy Serie A,Chievo Verona,2015/2016,25,18
Belgium,Belgium Jupiler League,Club Brugge KV,2011/2012,30,10
Belgium,Belgium Jupiler League,Club Brugge KV,2015/2016,42,9
Belgium,Belgium Jupiler League,Club Brugge KV,2008/2009,37,23
Belgium,Belgium Jupiler League,Club Brugge KV,2012/2013,29,13
Belgium,Belgium Jupiler League,Club Brugge KV,2009/2010,24,12
Belgium,Belgium Jupiler League,Club Brugge KV,2014/2015,37,11
Belgium,Belgium Jupiler League,Club Brugge KV,2010/2011,36,17
Spain,Spain LIGA BBVA,Córdoba CF,2014/2015,12,33
Poland,Poland Ekstraklasa,Cracovia,2015/2016,34,19
Poland,Poland Ekstraklasa,Cracovia,2010/2011,30,21
Poland,Poland Ekstraklasa,Cracovia,2009/2010,18,23
Poland,Poland Ekstraklasa,Cracovia,2008/2009,12,8
Poland,Poland Ekstraklasa,Cracovia,2011/2012,10,20
Poland,Poland Ekstraklasa,Cracovia,2013/2014,19,22
Poland,Poland Ekstraklasa,Cracovia,2014/2015,21,17
England,England Premier League,Crystal Palace,2015/2016,19,23
England,England Premier League,Crystal Palace,2013/2014,18,23
England,England Premier League,Crystal Palace,2014/2015,21,27
Portugal,Portugal Liga ZON Sagres,CS Marítimo,2009/2010,22,20
Portugal,Portugal Liga ZON Sagres,CS Marítimo,2008/2009,21,19
Portugal,Portugal Liga ZON Sagres,CS Marítimo,2011/2012,22,18
Portugal,Portugal Liga ZON Sagres,CS Marítimo,2012/2013,14,14
Portugal,Portugal Liga ZON Sagres,CS Marítimo,2015/2016,25,23
Portugal,Portugal Liga ZON Sagres,CS Marítimo,2010/2011,14,14
Portugal,Portugal Liga ZON Sagres,CS Marítimo,2013/2014,26,20
Portugal,Portugal Liga ZON Sagres,CS Marítimo,2014/2015,27,17
Netherlands,Netherlands Eredivisie,De Graafschap,2008/2009,17,28
Netherlands,Netherlands Eredivisie,De Graafschap,2010/2011,22,22
Netherlands,Netherlands Eredivisie,De Graafschap,2011/2012,19,38
Netherlands,Netherlands Eredivisie,De Graafschap,2015/2016,23,29
France,France Ligue 1,Dijon FCO,2011/2012,23,26
Germany,Germany 1. Bundesliga,DSC Arminia Bielefeld,2008/2009,16,26
Scotland,Scotland Premier League,Dundee FC,2014/2015,25,27
Scotland,Scotland Premier League,Dundee FC,2012/2013,17,34
Scotland,Scotland Premier League,Dundee FC,2015/2016,30,23
Scotland,Scotland Premier League,Dundee United,2013/2014,40,23
Scotland,Scotland Premier League,Dundee United,2008/2009,25,24
Scotland,Scotland Premier League,Dundee United,2014/2015,32,20
Scotland,Scotland Premier League,Dundee United,2015/2016,22,35
Scotland,Scotland Premier League,Dundee United,2010/2011,34,22
Scotland,Scotland Premier League,Dundee United,2012/2013,30,33
Scotland,Scotland Premier League,Dundee United,2009/2010,22,21
Scotland,Scotland Premier League,Dundee United,2011/2012,27,16
Scotland,Scotland Premier League,Dunfermline Athletic,2011/2012,22,44
Germany,Germany 1. Bundesliga,Eintracht Braunschweig,2013/2014,18,24
Germany,Germany 1. Bundesliga,Eintracht Frankfurt,2013/2014,22,24
Germany,Germany 1. Bundesliga,Eintracht Frankfurt,2009/2010,25,26
Germany,Germany 1. Bundesliga,Eintracht Frankfurt,2015/2016,22,24
Germany,Germany 1. Bundesliga,Eintracht Frankfurt,2014/2015,36,26
Germany,Germany 1. Bundesliga,Eintracht Frankfurt,2010/2011,13,24
Germany,Germany 1. Bundesliga,Eintracht Frankfurt,2008/2009,26,29
Germany,Germany 1. Bundesliga,Eintracht Frankfurt,2012/2013,32,23
Spain,Spain LIGA BBVA,Elche CF,2014/2015,19,31
Spain,Spain LIGA BBVA,Elche CF,2013/2014,13,12
Italy,Italy Serie A,Empoli,2015/2016,22,20
Italy,Italy Serie A,Empoli,2014/2015,26,22
France,France Ligue 1,En Avant de Guingamp,2015/2016,31,28
France,France Ligue 1,En Avant de Guingamp,2013/2014,21,16
France,France Ligue 1,En Avant de Guingamp,2014/2015,23,25
France,France Ligue 1,ES Troyes AC,2012/2013,25,24
France,France Ligue 1,ES Troyes AC,2015/2016,13,36
Portugal,Portugal Liga ZON Sagres,Estoril Praia,2015/2016,24,16
Portugal,Portugal Liga ZON Sagres,Estoril Praia,2013/2014,19,14
Portugal,Portugal Liga ZON Sagres,Estoril Praia,2014/2015,22,24
Portugal,Portugal Liga ZON Sagres,Estoril Praia,2012/2013,31,18
England,England Premier League,Everton,2014/2015,27,21
England,England Premier League,Everton,2010/2011,31,23
England,England Premier League,Everton,2011/2012,28,15
England,England Premier League,Everton,2012/2013,33,17
England,England Premier League,Everton,2013/2014,38,19
England,England Premier League,Everton,2009/2010,35,21
England,England Premier League,Everton,2015/2016,35,30
England,England Premier League,Everton,2008/2009,31,20
France,France Ligue 1,Évian Thonon Gaillard FC,2011/2012,29,29
France,France Ligue 1,Évian Thonon Gaillard FC,2012/2013,31,25
France,France Ligue 1,Évian Thonon Gaillard FC,2014/2015,20,25
France,France Ligue 1,Évian Thonon Gaillard FC,2013/2014,25,24
Netherlands,Netherlands Eredivisie,Excelsior,2014/2015,26,37
Netherlands,Netherlands Eredivisie,Excelsior,2015/2016,21,31
Netherlands,Netherlands Eredivisie,Excelsior,2010/2011,28,30
Netherlands,Netherlands Eredivisie,Excelsior,2011/2012,15,29
Scotland,Scotland Premier League,Falkirk,2008/2009,19,20
Scotland,Scotland Premier League,Falkirk,2009/2010,17,29
Switzerland,Switzerland Super League,FC Aarau,2008/2009,20,15
Switzerland,Switzerland Super League,FC Aarau,2014/2015,17,30
Switzerland,Switzerland Super League,FC Aarau,2009/2010,18,41
Switzerland,Switzerland Super League,FC Aarau,2013/2014,34,33
Portugal,Portugal Liga ZON Sagres,FC Arouca,2013/2014,12,18
Portugal,Portugal Liga ZON Sagres,FC Arouca,2015/2016,28,18
Portugal,Portugal Liga ZON Sagres,FC Arouca,2014/2015,16,26
Germany,Germany 1. Bundesliga,FC Augsburg,2015/2016,18,27
Germany,Germany 1. Bundesliga,FC Augsburg,2012/2013,19,22
Germany,Germany 1. Bundesliga,FC Augsburg,2013/2014,27,22
Germany,Germany 1. Bundesliga,FC Augsburg,2011/2012,20,19
Germany,Germany 1. Bundesliga,FC Augsburg,2014/2015,28,21
Spain,Spain LIGA BBVA,FC Barcelona,2010/2011,46,10
Spain,Spain LIGA BBVA,FC Barcelona,2013/2014,64,15
Spain,Spain LIGA BBVA,FC Barcelona,2014/2015,64,11
Spain,Spain LIGA BBVA,FC Barcelona,2009/2010,57,11
Spain,Spain LIGA BBVA,FC Barcelona,2015/2016,67,14
Spain,Spain LIGA BBVA,FC Barcelona,2008/2009,61,14
Spain,Spain LIGA BBVA,FC Barcelona,2012/2013,63,15
Spain,Spain LIGA BBVA,FC Barcelona,2011/2012,73,11
Switzerland,Switzerland Super League,FC Basel,2010/2011,43,20
Switzerland,Switzerland Super League,FC Basel,2011/2012,44,15
Switzerland,Switzerland Super League,FC Basel,2012/2013,36,10
Switzerland,Switzerland Super League,FC Basel,2013/2014,41,18
Switzerland,Switzerland Super League,FC Basel,2015/2016,44,15
Switzerland,Switzerland Super League,FC Basel,2014/2015,43,15
Switzerland,Switzerland Super League,FC Basel,2008/2009,39,15
Switzerland,Switzerland Super League,FC Basel,2009/2010,54,18
Germany,Germany 1. Bundesliga,FC Bayern Munich,2010/2011,48,13
Germany,Germany 1. Bundesliga,FC Bayern Munich,2011/2012,49,6
Germany,Germany 1. Bundesliga,FC Bayern Munich,2012/2013,56,11
Germany,Germany 1. Bundesliga,FC Bayern Munich,2015/2016,51,8
Germany,Germany 1. Bundesliga,FC Bayern Munich,2014/2015,46,7
Germany,Germany 1. Bundesliga,FC Bayern Munich,2008/2009,45,23
Germany,Germany 1. Bundesliga,FC Bayern Munich,2013/2014,48,15
Germany,Germany 1. Bundesliga,FC Bayern Munich,2009/2010,39,13
Netherlands,Netherlands Eredivisie,FC Dordrecht,2014/2015,15,34
Germany,Germany 1. Bundesliga,FC Energie Cottbus,2008/2009,19,27
Netherlands,Netherlands Eredivisie,FC Groningen,2012/2013,20,25
Netherlands,Netherlands Eredivisie,FC Groningen,2015/2016,25,19
Netherlands,Netherlands Eredivisie,FC Groningen,2011/2012,29,23
Netherlands,Netherlands Eredivisie,FC Groningen,2013/2014,31,20
Netherlands,Netherlands Eredivisie,FC Groningen,2009/2010,25,15
Netherlands,Netherlands Eredivisie,FC Groningen,2008/2009,32,14
Netherlands,Netherlands Eredivisie,FC Groningen,2010/2011,37,20
Netherlands,Netherlands Eredivisie,FC Groningen,2014/2015,26,18
Germany,Germany 1. Bundesliga,FC Ingolstadt 04,2015/2016,22,18
Switzerland,Switzerland Super League,FC Lausanne-Sports,2011/2012,15,19
Switzerland,Switzerland Super League,FC Lausanne-Sports,2013/2014,13,28
Switzerland,Switzerland Super League,FC Lausanne-Sports,2012/2013,24,23
France,France Ligue 1,FC Lorient,2012/2013,38,25
France,France Ligue 1,FC Lorient,2010/2011,27,13
France,France Ligue 1,FC Lorient,2013/2014,29,25
France,France Ligue 1,FC Lorient,2009/2010,36,19
France,France Ligue 1,FC Lorient,2015/2016,26,21
France,France Ligue 1,FC Lorient,2014/2015,17,17
France,France Ligue 1,FC Lorient,2008/2009,21,20
France,France Ligue 1,FC Lorient,2011/2012,20,14
Switzerland,Switzerland Super League,FC Luzern,2012/2013,18,19
Switzerland,Switzerland Super League,FC Luzern,2008/2009,30,27
Switzerland,Switzerland Super League,FC Luzern,2015/2016,36,23
Switzerland,Switzerland Super League,FC Luzern,2011/2012,26,14
Switzerland,Switzerland Super League,FC Luzern,2013/2014,26,22
Switzerland,Switzerland Super League,FC Luzern,2014/2015,25,19
Switzerland,Switzerland Super League,FC Luzern,2010/2011,32,25
Switzerland,Switzerland Super League,FC Luzern,2009/2010,46,23
France,France Ligue 1,FC Metz,2014/2015,26,32
France,France Ligue 1,FC Nantes,2008/2009,21,25
France,France Ligue 1,FC Nantes,2013/2014,21,19
France,France Ligue 1,FC Nantes,2014/2015,17,17
France,France Ligue 1,FC Nantes,2015/2016,20,20
Portugal,Portugal Liga ZON Sagres,FC Paços de Ferreira,2015/2016,24,22
Portugal,Portugal Liga ZON Sagres,FC Paços de Ferreira,2008/2009,22,16
Portugal,Portugal Liga ZON Sagres,FC Paços de Ferreira,2014/2015,28,20
Portugal,Portugal Liga ZON Sagres,FC Paços de Ferreira,2012/2013,20,13
Portugal,Portugal Liga ZON Sagres,FC Paços de Ferreira,2011/2012,20,26
Portugal,Portugal Liga ZON Sagres,FC Paços de Ferreira,2009/2010,17,18
Portugal,Portugal Liga ZON Sagres,FC Paços de Ferreira,2013/2014,15,29
Portugal,Portugal Liga ZON Sagres,FC Paços de Ferreira,2010/2011,20,23
Portugal,Portugal Liga ZON Sagres,FC Penafiel,2014/2015,17,37
Portugal,Portugal Liga ZON Sagres,FC Porto,2008/2009,23,7
Portugal,Portugal Liga ZON Sagres,FC Porto,2011/2012,40,7
Portugal,Portugal Liga ZON Sagres,FC Porto,2013/2014,35,6
Portugal,Portugal Liga ZON Sagres,FC Porto,2009/2010,40,13
Portugal,Portugal Liga ZON Sagres,FC Porto,2010/2011,43,11
Portugal,Portugal Liga ZON Sagres,FC Porto,2012/2013,38,5
Portugal,Portugal Liga ZON Sagres,FC Porto,2015/2016,35,13
Portugal,Portugal Liga ZON Sagres,FC Porto,2014/2015,41,3
Germany,Germany 1. Bundesliga,FC Schalke 04,2008/2009,26,15
Germany,Germany 1. Bundesliga,FC Schalke 04,2011/2012,47,14
Germany,Germany 1. Bundesliga,FC Schalke 04,2009/2010,29,15
Germany,Germany 1. Bundesliga,FC Schalke 04,2013/2014,37,16
Germany,Germany 1. Bundesliga,FC Schalke 04,2010/2011,24,18
Germany,Germany 1. Bundesliga,FC Schalke 04,2015/2016,28,24
Germany,Germany 1. Bundesliga,FC Schalke 04,2014/2015,26,14
Germany,Germany 1. Bundesliga,FC Schalke 04,2012/2013,35,22
Switzerland,Switzerland Super League,FC Sion,2014/2015,33,25
Switzerland,Switzerland Super League,FC Sion,2015/2016,31,20
Switzerland,Switzerland Super League,FC Sion,2009/2010,44,22
Switzerland,Switzerland Super League,FC Sion,2011/2012,18,19
Switzerland,Switzerland Super League,FC Sion,2012/2013,20,22
Switzerland,Switzerland Super League,FC Sion,2008/2009,21,25
Switzerland,Switzerland Super League,FC Sion,2013/2014,28,17
Switzerland,Switzerland Super League,FC Sion,2010/2011,25,16
France,France Ligue 1,FC Sochaux-Montbéliard,2010/2011,36,17
France,France Ligue 1,FC Sochaux-Montbéliard,2011/2012,21,24
France,France Ligue 1,FC Sochaux-Montbéliard,2009/2010,18,29
France,France Ligue 1,FC Sochaux-Montbéliard,2012/2013,25,26
France,France Ligue 1,FC Sochaux-Montbéliard,2013/2014,20,18
France,France Ligue 1,FC Sochaux-Montbéliard,2008/2009,24,17
Switzerland,Switzerland Super League,FC St. Gallen,2014/2015,32,24
Switzerland,Switzerland Super League,FC St. Gallen,2009/2010,24,23
Switzerland,Switzerland Super League,FC St. Gallen,2012/2013,35,17
Switzerland,Switzerland Super League,FC St. Gallen,2010/2011,15,33
Switzerland,Switzerland Super League,FC St. Gallen,2015/2016,25,32
Switzerland,Switzerland Super League,FC St. Gallen,2013/2014,22,18
Germany,Germany 1. Bundesliga,FC St. Pauli,2010/2011,21,35
Switzerland,Switzerland Super League,FC Thun,2014/2015,34,20
Switzerland,Switzerland Super League,FC Thun,2015/2016,26,27
Switzerland,Switzerland Super League,FC Thun,2012/2013,30,23
Switzerland,Switzerland Super League,FC Thun,2010/2011,26,23
Switzerland,Switzerland Super League,FC Thun,2013/2014,32,24
Switzerland,Switzerland Super League,FC Thun,2011/2012,27,21
Netherlands,Netherlands Eredivisie,FC Twente,2008/2009,40,13
Netherlands,Netherlands Eredivisie,FC Twente,2012/2013,33,17
Netherlands,Netherlands Eredivisie,FC Twente,2014/2015,26,23
Netherlands,Netherlands Eredivisie,FC Twente,2009/2010,37,10
Netherlands,Netherlands Eredivisie,FC Twente,2011/2012,41,21
Netherlands,Netherlands Eredivisie,FC Twente,2013/2014,43,17
Netherlands,Netherlands Eredivisie,FC Twente,2010/2011,38,13
Netherlands,Netherlands Eredivisie,FC Twente,2015/2016,31,25
Netherlands,Netherlands Eredivisie,FC Utrecht,2011/2012,39,33
Netherlands,Netherlands Eredivisie,FC Utrecht,2012/2013,27,12
Netherlands,Netherlands Eredivisie,FC Utrecht,2013/2014,31,23
Netherlands,Netherlands Eredivisie,FC Utrecht,2014/2015,32,31
Netherlands,Netherlands Eredivisie,FC Utrecht,2015/2016,30,24
Netherlands,Netherlands Eredivisie,FC Utrecht,2009/2010,21,12
Netherlands,Netherlands Eredivisie,FC Utrecht,2010/2011,38,21
Netherlands,Netherlands Eredivisie,FC Utrecht,2008/2009,27,19
Switzerland,Switzerland Super League,FC Vaduz,2008/2009,19,35
Switzerland,Switzerland Super League,FC Vaduz,2014/2015,14,30
Switzerland,Switzerland Super League,FC Vaduz,2015/2016,20,20
Switzerland,Switzerland Super League,FC Zürich,2011/2012,23,21
Switzerland,Switzerland Super League,FC Zürich,2008/2009,37,14
Switzerland,Switzerland Super League,FC Zürich,2015/2016,29,32
Switzerland,Switzerland Super League,FC Zürich,2014/2015,24,22
Switzerland,Switzerland Super League,FC Zürich,2012/2013,32,22
Switzerland,Switzerland Super League,FC Zürich,2009/2010,31,20
Switzerland,Switzerland Super League,FC Zürich,2010/2011,37,17
Switzerland,Switzerland Super League,FC Zürich,2013/2014,28,24
Netherlands,Netherlands Eredivisie,Feyenoord,2010/2011,36,16
Netherlands,Netherlands Eredivisie,Feyenoord,2015/2016,33,14
Netherlands,Netherlands Eredivisie,Feyenoord,2013/2014,44,17
Netherlands,Netherlands Eredivisie,Feyenoord,2014/2015,31,20
Netherlands,Netherlands Eredivisie,Feyenoord,2009/2010,32,14
Netherlands,Netherlands Eredivisie,Feyenoord,2011/2012,39,15
Netherlands,Netherlands Eredivisie,Feyenoord,2008/2009,34,21
Netherlands,Netherlands Eredivisie,Feyenoord,2012/2013,42,12
Italy,Italy Serie A,Fiorentina,2008/2009,29,14
Italy,Italy Serie A,Fiorentina,2009/2010,28,20
Italy,Italy Serie A,Fiorentina,2013/2014,36,29
Italy,Italy Serie A,Fiorentina,2010/2011,28,18
Italy,Italy Serie A,Fiorentina,2012/2013,40,19
Italy,Italy Serie A,Fiorentina,2015/2016,34,16
Italy,Italy Serie A,Fiorentina,2011/2012,21,20
Italy,Italy Serie A,Fiorentina,2014/2015,30,17
Germany,Germany 1. Bundesliga,Fortuna Düsseldorf,2012/2013,24,28
Italy,Italy Serie A,Frosinone,2015/2016,18,26
England,England Premier League,Fulham,2013/2014,24,38
England,England Premier League,Fulham,2009/2010,27,15
England,England Premier League,Fulham,2008/2009,28,16
England,England Premier League,Fulham,2010/2011,30,23
England,England Premier League,Fulham,2011/2012,36,26
England,England Premier League,Fulham,2012/2013,28,30
Italy,Italy Serie A,Genoa,2014/2015,33,21
Italy,Italy Serie A,Genoa,2012/2013,26,30
Italy,Italy Serie A,Genoa,2008/2009,39,19
Italy,Italy Serie A,Genoa,2013/2014,22,19
Italy,Italy Serie A,Genoa,2015/2016,29,19
Italy,Italy Serie A,Genoa,2009/2010,42,28
Italy,Italy Serie A,Genoa,2011/2012,29,24
Italy,Italy Serie A,Genoa,2010/2011,29,24
Spain,Spain LIGA BBVA,Getafe CF,2015/2016,23,20
Spain,Spain LIGA BBVA,Getafe CF,2011/2012,24,19
Spain,Spain LIGA BBVA,Getafe CF,2008/2009,27,23
Spain,Spain LIGA BBVA,Getafe CF,2012/2013,25,23
Spain,Spain LIGA BBVA,Getafe CF,2013/2014,20,24
Spain,Spain LIGA BBVA,Getafe CF,2009/2010,34,22
Spain,Spain LIGA BBVA,Getafe CF,2014/2015,16,22
Spain,Spain LIGA BBVA,Getafe CF,2010/2011,33,26
France,France Ligue 1,GFC Ajaccio,2015/2016,23,32
Portugal,Portugal Liga ZON Sagres,Gil Vicente FC,2012/2013,18,24
Portugal,Portugal Liga ZON Sagres,Gil Vicente FC,2011/2012,19,16
Portugal,Portugal Liga ZON Sagres,Gil Vicente FC,2014/2015,11,30
Portugal,Portugal Liga ZON Sagres,Gil Vicente FC,2013/2014,13,14
France,France Ligue 1,Girondins de Bordeaux,2012/2013,22,19
France,France Ligue 1,Girondins de Bordeaux,2015/2016,27,20
France,France Ligue 1,Girondins de Bordeaux,2008/2009,36,12
France,France Ligue 1,Girondins de Bordeaux,2009/2010,34,13
France,France Ligue 1,Girondins de Bordeaux,2014/2015,31,23
France,France Ligue 1,Girondins de Bordeaux,2010/2011,22,17
France,France Ligue 1,Girondins de Bordeaux,2011/2012,25,14
France,France Ligue 1,Girondins de Bordeaux,2013/2014,31,20
Poland,Poland Ekstraklasa,GKS Bełchatów,2009/2010,23,11
Poland,Poland Ekstraklasa,GKS Bełchatów,2010/2011,18,10
Poland,Poland Ekstraklasa,GKS Bełchatów,2011/2012,25,18
Poland,Poland Ekstraklasa,GKS Bełchatów,2014/2015,15,16
Poland,Poland Ekstraklasa,GKS Bełchatów,2012/2013,12,21
Poland,Poland Ekstraklasa,GKS Bełchatów,2008/2009,21,10
Netherlands,Netherlands Eredivisie,Go Ahead Eagles,2014/2015,14,29
Netherlands,Netherlands Eredivisie,Go Ahead Eagles,2013/2014,27,26
Poland,Poland Ekstraklasa,Górnik Łęczna,2015/2016,19,24
Poland,Poland Ekstraklasa,Górnik Łęczna,2014/2015,24,14
Spain,Spain LIGA BBVA,Granada CF,2013/2014,18,22
Spain,Spain LIGA BBVA,Granada CF,2014/2015,13,17
Spain,Spain LIGA BBVA,Granada CF,2015/2016,26,31
Spain,Spain LIGA BBVA,Granada CF,2011/2012,22,20
Spain,Spain LIGA BBVA,Granada CF,2012/2013,21,21
Switzerland,Switzerland Super League,Grasshopper Club Zürich,2013/2014,34,21
Switzerland,Switzerland Super League,Grasshopper Club Zürich,2015/2016,35,21
Switzerland,Switzerland Super League,Grasshopper Club Zürich,2008/2009,32,21
Switzerland,Switzerland Super League,Grasshopper Club Zürich,2014/2015,25,22
Switzerland,Switzerland Super League,Grasshopper Club Zürich,2010/2011,26,28
Switzerland,Switzerland Super League,Grasshopper Club Zürich,2009/2010,42,13
Switzerland,Switzerland Super League,Grasshopper Club Zürich,2012/2013,25,13
Switzerland,Switzerland Super League,Grasshopper Club Zürich,2011/2012,15,23
France,France Ligue 1,Grenoble Foot 38,2009/2010,24,28
France,France Ligue 1,Grenoble Foot 38,2008/2009,9,13
Germany,Germany 1. Bundesliga,Hamburger SV,2012/2013,18,18
Germany,Germany 1. Bundesliga,Hamburger SV,2015/2016,20,23
Germany,Germany 1. Bundesliga,Hamburger SV,2014/2015,16,18
Germany,Germany 1. Bundesliga,Hamburger SV,2011/2012,19,29
Germany,Germany 1. Bundesliga,Hamburger SV,2009/2010,25,12
Germany,Germany 1. Bundesliga,Hamburger SV,2013/2014,24,34
Germany,Germany 1. Bundesliga,Hamburger SV,2010/2011,29,24
Germany,Germany 1. Bundesliga,Hamburger SV,2008/2009,27,13
Scotland,Scotland Premier League,Hamilton Academical FC,2014/2015,30,20
Scotland,Scotland Premier League,Hamilton Academical FC,2008/2009,18,20
Scotland,Scotland Premier League,Hamilton Academical FC,2010/2011,12,26
Scotland,Scotland Premier League,Hamilton Academical FC,2009/2010,19,17
Scotland,Scotland Premier League,Hamilton Academical FC,2015/2016,21,28
Germany,Germany 1. Bundesliga,Hannover 96,2015/2016,15,30
Germany,Germany 1. Bundesliga,Hannover 96,2011/2012,31,17
Germany,Germany 1. Bundesliga,Hannover 96,2009/2010,27,33
Germany,Germany 1. Bundesliga,Hannover 96,2014/2015,21,25
Germany,Germany 1. Bundesliga,Hannover 96,2013/2014,27,25
Germany,Germany 1. Bundesliga,Hannover 96,2010/2011,32,17
Germany,Germany 1. Bundesliga,Hannover 96,2008/2009,31,25
Germany,Germany 1. Bundesliga,Hannover 96,2012/2013,34,23
Scotland,Scotland Premier League,Heart of Midlothian,2015/2016,37,22
Scotland,Scotland Premier League,Heart of Midlothian,2010/2011,27,21
Scotland,Scotland Premier League,Heart of Midlothian,2008/2009,28,18
Scotland,Scotland Premier League,Heart of Midlothian,2009/2010,19,20
Scotland,Scotland Premier League,Heart of Midlothian,2011/2012,30,19
Scotland,Scotland Premier League,Heart of Midlothian,2012/2013,27,25
Scotland,Scotland Premier League,Heart of Midlothian,2013/2014,21,29
Italy,Italy Serie A,Hellas Verona,2014/2015,27,30
Italy,Italy Serie A,Hellas Verona,2015/2016,21,30
Italy,Italy Serie A,Hellas Verona,2013/2014,35,28
Netherlands,Netherlands Eredivisie,Heracles Almelo,2015/2016,28,23
Netherlands,Netherlands Eredivisie,Heracles Almelo,2010/2011,39,17
Netherlands,Netherlands Eredivisie,Heracles Almelo,2014/2015,23,29
Netherlands,Netherlands Eredivisie,Heracles Almelo,2009/2010,36,25
Netherlands,Netherlands Eredivisie,Heracles Almelo,2013/2014,19,27
Netherlands,Netherlands Eredivisie,Heracles Almelo,2012/2013,38,32
Netherlands,Netherlands Eredivisie,Heracles Almelo,2011/2012,30,21
Netherlands,Netherlands Eredivisie,Heracles Almelo,2008/2009,22,17
Spain,Spain LIGA BBVA,Hércules Club de Fútbol,2010/2011,27,27
Germany,Germany 1. Bundesliga,Hertha BSC Berlin,2011/2012,19,29
Germany,Germany 1. Bundesliga,Hertha BSC Berlin,2015/2016,24,15
Germany,Germany 1. Bundesliga,Hertha BSC Berlin,2009/2010,10,26
Germany,Germany 1. Bundesliga,Hertha BSC Berlin,2008/2009,29,14
Germany,Germany 1. Bundesliga,Hertha BSC Berlin,2014/2015,17,22
Germany,Germany 1. Bundesliga,Hertha BSC Berlin,2013/2014,20,24
Scotland,Scotland Premier League,Hibernian,2010/2011,21,29
Scotland,Scotland Premier League,Hibernian,2008/2009,23,23
Scotland,Scotland Premier League,Hibernian,2011/2012,17,30
Scotland,Scotland Premier League,Hibernian,2009/2010,29,21
Scotland,Scotland Premier League,Hibernian,2012/2013,26,22
Scotland,Scotland Premier League,Hibernian,2013/2014,20,29
England,England Premier League,Hull City,2008/2009,18,36
England,England Premier League,Hull City,2009/2010,22,29
England,England Premier League,Hull City,2014/2015,19,24
England,England Premier League,Hull City,2013/2014,20,21
Italy,Italy Serie A,Inter,2014/2015,33,23
Italy,Italy Serie A,Inter,2009/2010,42,15
Italy,Italy Serie A,Inter,2015/2016,29,15
Italy,Italy Serie A,Inter,2008/2009,37,16
Italy,Italy Serie A,Inter,2010/2011,48,20
Italy,Italy Serie A,Inter,2011/2012,34,25
Italy,Italy Serie A,Inter,2012/2013,30,31
Italy,Italy Serie A,Inter,2013/2014,27,18
Scotland,Scotland Premier League,Inverness Caledonian Thistle,2010/2011,25,24
Scotland,Scotland Premier League,Inverness Caledonian Thistle,2015/2016,25,20
Scotland,Scotland Premier League,Inverness Caledonian Thistle,2011/2012,19,27
Scotland,Scotland Premier League,Inverness Caledonian Thistle,2014/2015,29,19
Scotland,Scotland Premier League,Inverness Caledonian Thistle,2008/2009,18,27
Scotland,Scotland Premier League,Inverness Caledonian Thistle,2013/2014,26,16
Scotland,Scotland Premier League,Inverness Caledonian Thistle,2012/2013,35,27
Poland,Poland Ekstraklasa,Jagiellonia Białystok,2015/2016,16,22
Poland,Poland Ekstraklasa,Jagiellonia Białystok,2009/2010,18,6
Poland,Poland Ekstraklasa,Jagiellonia Białystok,2013/2014,28,18
Poland,Poland Ekstraklasa,Jagiellonia Białystok,2012/2013,13,19
Poland,Poland Ekstraklasa,Jagiellonia Białystok,2010/2011,29,11
Poland,Poland Ekstraklasa,Jagiellonia Białystok,2011/2012,23,14
Poland,Poland Ekstraklasa,Jagiellonia Białystok,2014/2015,25,18
Poland,Poland Ekstraklasa,Jagiellonia Białystok,2008/2009,24,15
Italy,Italy Serie A,Juventus,2014/2015,45,11
Italy,Italy Serie A,Juventus,2008/2009,38,19
Italy,Italy Serie A,Juventus,2009/2010,32,26
Italy,Italy Serie A,Juventus,2011/2012,37,12
Italy,Italy Serie A,Juventus,2010/2011,35,31
Italy,Italy Serie A,Juventus,2012/2013,36,10
Italy,Italy Serie A,Juventus,2013/2014,47,9
Italy,Italy Serie A,Juventus,2015/2016,37,6
Belgium,Belgium Jupiler League,KAA Gent,2015/2016,35,14
Belgium,Belgium Jupiler League,KAA Gent,2014/2015,30,14
Belgium,Belgium Jupiler League,KAA Gent,2013/2014,6,2
Belgium,Belgium Jupiler League,KAA Gent,2008/2009,31,15
Belgium,Belgium Jupiler League,KAA Gent,2012/2013,16,16
Belgium,Belgium Jupiler League,KAA Gent,2011/2012,36,13
Belgium,Belgium Jupiler League,KAA Gent,2009/2010,26,18
Belgium,Belgium Jupiler League,KAA Gent,2010/2011,33,21
Germany,Germany 1. Bundesliga,Karlsruher SC,2008/2009,18,22
Belgium,Belgium Jupiler League,KAS Eupen,2010/2011,15,22
Scotland,Scotland Premier League,Kilmarnock,2011/2012,29,35
Scotland,Scotland Premier League,Kilmarnock,2012/2013,25,29
Scotland,Scotland Premier League,Kilmarnock,2015/2016,19,37
Scotland,Scotland Premier League,Kilmarnock,2009/2010,23,27
Scotland,Scotland Premier League,Kilmarnock,2013/2014,25,30
Scotland,Scotland Premier League,Kilmarnock,2008/2009,18,22
Scotland,Scotland Premier League,Kilmarnock,2014/2015,23,27
Scotland,Scotland Premier League,Kilmarnock,2010/2011,26,31
Poland,Poland Ekstraklasa,Korona Kielce,2015/2016,16,24
Poland,Poland Ekstraklasa,Korona Kielce,2012/2013,24,10
Poland,Poland Ekstraklasa,Korona Kielce,2011/2012,19,13
Poland,Poland Ekstraklasa,Korona Kielce,2010/2011,20,22
Poland,Poland Ekstraklasa,Korona Kielce,2009/2010,23,20
Poland,Poland Ekstraklasa,Korona Kielce,2013/2014,25,21
Poland,Poland Ekstraklasa,Korona Kielce,2014/2015,22,21
Belgium,Belgium Jupiler League,KRC Genk,2009/2010,16,13
Belgium,Belgium Jupiler League,KRC Genk,2008/2009,23,21
Belgium,Belgium Jupiler League,KRC Genk,2012/2013,36,18
Belgium,Belgium Jupiler League,KRC Genk,2014/2015,25,12
Belgium,Belgium Jupiler League,KRC Genk,2010/2011,37,15
Belgium,Belgium Jupiler League,KRC Genk,2015/2016,32,16
Belgium,Belgium Jupiler League,KRC Genk,2011/2012,36,11
Belgium,Belgium Jupiler League,KSV Cercle Brugge,2008/2009,29,23
Belgium,Belgium Jupiler League,KSV Cercle Brugge,2011/2012,19,14
Belgium,Belgium Jupiler League,KSV Cercle Brugge,2014/2015,11,22
Belgium,Belgium Jupiler League,KSV Cercle Brugge,2012/2013,16,27
Belgium,Belgium Jupiler League,KSV Cercle Brugge,2009/2010,24,16
Belgium,Belgium Jupiler League,KSV Cercle Brugge,2010/2011,20,15
Belgium,Belgium Jupiler League,KSV Roeselare,2009/2010,15,29
Belgium,Belgium Jupiler League,KSV Roeselare,2008/2009,21,25
Belgium,Belgium Jupiler League,KV Kortrijk,2012/2013,24,15
Belgium,Belgium Jupiler League,KV Kortrijk,2008/2009,20,23
Belgium,Belgium Jupiler League,KV Kortrijk,2009/2010,21,14
Belgium,Belgium Jupiler League,KV Kortrijk,2010/2011,25,11
Belgium,Belgium Jupiler League,KV Kortrijk,2014/2015,30,17
Belgium,Belgium Jupiler League,KV Kortrijk,2015/2016,19,12
Belgium,Belgium Jupiler League,KV Kortrijk,2011/2012,24,16
Belgium,Belgium Jupiler League,KV Mechelen,2008/2009,24,20
Belgium,Belgium Jupiler League,KV Mechelen,2012/2013,24,23
Belgium,Belgium Jupiler League,KV Mechelen,2009/2010,21,18
Belgium,Belgium Jupiler League,KV Mechelen,2010/2011,22,8
Belgium,Belgium Jupiler League,KV Mechelen,2014/2015,21,11
Belgium,Belgium Jupiler League,KV Mechelen,2011/2012,22,20
Belgium,Belgium Jupiler League,KV Mechelen,2015/2016,28,20
Belgium,Belgium Jupiler League,KV Oostende,2013/2014,3,1
Belgium,Belgium Jupiler League,KV Oostende,2014/2015,24,28
Belgium,Belgium Jupiler League,KV Oostende,2015/2016,35,21
Belgium,Belgium Jupiler League,KVC Westerlo,2008/2009,23,16
Belgium,Belgium Jupiler League,KVC Westerlo,2010/2011,21,16
Belgium,Belgium Jupiler League,KVC Westerlo,2011/2012,19,26
Belgium,Belgium Jupiler League,KVC Westerlo,2009/2010,19,14
Belgium,Belgium Jupiler League,KVC Westerlo,2014/2015,25,21
Belgium,Belgium Jupiler League,KVC Westerlo,2015/2016,17,22
Italy,Italy Serie A,Lazio,2012/2013,35,16
Italy,Italy Serie A,Lazio,2013/2014,32,21
Italy,Italy Serie A,Lazio,2014/2015,40,18
Italy,Italy Serie A,Lazio,2009/2010,19,21
Italy,Italy Serie A,Lazio,2015/2016,32,23
Italy,Italy Serie A,Lazio,2010/2011,31,15
Italy,Italy Serie A,Lazio,2011/2012,27,13
Italy,Italy Serie A,Lazio,2008/2009,23,24
France,France Ligue 1,Le Havre AC,2008/2009,17,34
France,France Ligue 1,Le Mans FC,2009/2010,22,25
France,France Ligue 1,Le Mans FC,2008/2009,18,21
Italy,Italy Serie A,Lecce,2010/2011,28,29
Italy,Italy Serie A,Lecce,2011/2012,20,27
Italy,Italy Serie A,Lecce,2008/2009,20,28
Poland,Poland Ekstraklasa,Lech Poznań,2009/2010,28,10
Poland,Poland Ekstraklasa,Lech Poznań,2010/2011,27,6
Poland,Poland Ekstraklasa,Lech Poznań,2008/2009,22,10
Poland,Poland Ekstraklasa,Lech Poznań,2011/2012,25,8
Poland,Poland Ekstraklasa,Lech Poznań,2014/2015,34,11
Poland,Poland Ekstraklasa,Lech Poznań,2012/2013,24,15
Poland,Poland Ekstraklasa,Lech Poznań,2013/2014,35,14
Poland,Poland Ekstraklasa,Lech Poznań,2015/2016,20,17
Poland,Poland Ekstraklasa,Lechia Gdańsk,2008/2009,21,18
Poland,Poland Ekstraklasa,Lechia Gdańsk,2011/2012,9,13
Poland,Poland Ekstraklasa,Lechia Gdańsk,2012/2013,23,27
Poland,Poland Ekstraklasa,Lechia Gdańsk,2013/2014,24,18
Poland,Poland Ekstraklasa,Lechia Gdańsk,2014/2015,18,14
Poland,Poland Ekstraklasa,Lechia Gdańsk,2015/2016,28,12
Poland,Poland Ekstraklasa,Lechia Gdańsk,2009/2010,12,14
Poland,Poland Ekstraklasa,Lechia Gdańsk,2010/2011,20,12
Poland,Poland Ekstraklasa,Legia Warszawa,2009/2010,26,11
Poland,Poland Ekstraklasa,Legia Warszawa,2010/2011,27,16
Poland,Poland Ekstraklasa,Legia Warszawa,2015/2016,28,12
Poland,Poland Ekstraklasa,Legia Warszawa,2008/2009,38,7
Poland,Poland Ekstraklasa,Legia Warszawa,2011/2012,22,8
Poland,Poland Ekstraklasa,Legia Warszawa,2012/2013,33,8
Poland,Poland Ekstraklasa,Legia Warszawa,2013/2014,35,12
Poland,Poland Ekstraklasa,Legia Warszawa,2014/2015,31,14
England,England Premier League,Leicester City,2015/2016,35,18
England,England Premier League,Leicester City,2014/2015,28,22
Portugal,Portugal Liga ZON Sagres,Leixões SC,2009/2010,18,23
Portugal,Portugal Liga ZON Sagres,Leixões SC,2008/2009,17,17
Spain,Spain LIGA BBVA,Levante UD,2013/2014,19,16
Spain,Spain LIGA BBVA,Levante UD,2012/2013,25,26
Spain,Spain LIGA BBVA,Levante UD,2014/2015,20,30
Spain,Spain LIGA BBVA,Levante UD,2011/2012,33,19
Spain,Spain LIGA BBVA,Levante UD,2010/2011,25,20
Spain,Spain LIGA BBVA,Levante UD,2015/2016,23,26
Belgium,Belgium Jupiler League,Lierse SK,2012/2013,13,20
Belgium,Belgium Jupiler League,Lierse SK,2013/2014,5,4
Belgium,Belgium Jupiler League,Lierse SK,2014/2015,18,26
Belgium,Belgium Jupiler League,Lierse SK,2010/2011,17,20
Belgium,Belgium Jupiler League,Lierse SK,2011/2012,16,15
England,England Premier League,Liverpool,2011/2012,24,16
England,England Premier League,Liverpool,2015/2016,33,22
England,England Premier League,Liverpool,2012/2013,33,16
England,England Premier League,Liverpool,2008/2009,41,13
England,England Premier League,Liverpool,2014/2015,30,20
England,England Premier League,Liverpool,2010/2011,37,14
England,England Premier League,Liverpool,2013/2014,53,18
England,England Premier League,Liverpool,2009/2010,43,15
Italy,Italy Serie A,Livorno,2009/2010,19,25
Italy,Italy Serie A,Livorno,2013/2014,23,33
France,France Ligue 1,LOSC Lille,2009/2010,44,15
France,France Ligue 1,LOSC Lille,2012/2013,32,16
France,France Ligue 1,LOSC Lille,2010/2011,40,17
France,France Ligue 1,LOSC Lille,2008/2009,34,20
France,France Ligue 1,LOSC Lille,2014/2015,26,12
France,France Ligue 1,LOSC Lille,2015/2016,21,11
France,France Ligue 1,LOSC Lille,2011/2012,48,23
France,France Ligue 1,LOSC Lille,2013/2014,25,10
Spain,Spain LIGA BBVA,Málaga CF,2011/2012,35,21
Spain,Spain LIGA BBVA,Málaga CF,2015/2016,26,15
Spain,Spain LIGA BBVA,Málaga CF,2010/2011,29,29
Spain,Spain LIGA BBVA,Málaga CF,2013/2014,24,21
Spain,Spain LIGA BBVA,Málaga CF,2012/2013,33,18
Spain,Spain LIGA BBVA,Málaga CF,2008/2009,28,23
Spain,Spain LIGA BBVA,Málaga CF,2014/2015,26,20
Spain,Spain LIGA BBVA,Málaga CF,2009/2010,21,21
England,England Premier League,Manchester City,2014/2015,44,14
England,England Premier League,Manchester City,2009/2010,41,20
England,England Premier League,Manchester City,2008/2009,40,18
England,England Premier League,Manchester City,2013/2014,63,13
England,England Premier League,Manchester City,2011/2012,55,12
England,England Premier League,Manchester City,2012/2013,41,15
England,England Premier League,Manchester City,2010/2011,34,12
England,England Premier League,Manchester City,2015/2016,47,21
England,England Premier League,Manchester United,2014/2015,41,15
England,England Premier League,Manchester United,2011/2012,52,19
England,England Premier League,Manchester United,2012/2013,45,19
England,England Premier League,Manchester United,2008/2009,43,13
England,England Premier League,Manchester United,2010/2011,49,12
England,England Premier League,Manchester United,2009/2010,52,12
England,England Premier League,Manchester United,2013/2014,29,21
England,England Premier League,Manchester United,2015/2016,27,9
England,England Premier League,Middlesbrough,2008/2009,17,20
Italy,Italy Serie A,Milan,2015/2016,28,22
Italy,Italy Serie A,Milan,2009/2010,37,20
Italy,Italy Serie A,Milan,2012/2013,33,15
Italy,Italy Serie A,Milan,2008/2009,39,12
Italy,Italy Serie A,Milan,2011/2012,34,11
Italy,Italy Serie A,Milan,2014/2015,30,19
Italy,Italy Serie A,Milan,2013/2014,28,17
Italy,Italy Serie A,Milan,2010/2011,42,12
France,France Ligue 1,Montpellier Hérault SC,2010/2011,21,20
France,France Ligue 1,Montpellier Hérault SC,2013/2014,22,19
France,France Ligue 1,Montpellier Hérault SC,2011/2012,37,11
France,France Ligue 1,Montpellier Hérault SC,2009/2010,24,12
France,France Ligue 1,Montpellier Hérault SC,2015/2016,26,23
France,France Ligue 1,Montpellier Hérault SC,2012/2013,33,14
France,France Ligue 1,Montpellier Hérault SC,2014/2015,30,21
Portugal,Portugal Liga ZON Sagres,Moreirense FC,2014/2015,18,20
Portugal,Portugal Liga ZON Sagres,Moreirense FC,2012/2013,16,24
Portugal,Portugal Liga ZON Sagres,Moreirense FC,2015/2016,19,28
Scotland,Scotland Premier League,Motherwell,2014/2015,23,21
Scotland,Scotland Premier League,Motherwell,2015/2016,27,27
Scotland,Scotland Premier League,Motherwell,2009/2010,29,25
Scotland,Scotland Premier League,Motherwell,2010/2011,24,24
Scotland,Scotland Premier League,Motherwell,2011/2012,27,24
Scotland,Scotland Premier League,Motherwell,2012/2013,35,24
Scotland,Scotland Premier League,Motherwell,2013/2014,39,29
Scotland,Scotland Premier League,Motherwell,2008/2009,24,27
Netherlands,Netherlands Eredivisie,N.E.C.,2010/2011,30,19
Netherlands,Netherlands Eredivisie,N.E.C.,2013/2014,29,41
Netherlands,Netherlands Eredivisie,N.E.C.,2008/2009,25,19
Netherlands,Netherlands Eredivisie,N.E.C.,2011/2012,26,21
Netherlands,Netherlands Eredivisie,N.E.C.,2015/2016,25,17
Netherlands,Netherlands Eredivisie,N.E.C.,2009/2010,20,27
Netherlands,Netherlands Eredivisie,N.E.C.,2012/2013,19,30
Netherlands,Netherlands Eredivisie,NAC Breda,2014/2015,19,32
Netherlands,Netherlands Eredivisie,NAC Breda,2010/2011,27,21
Netherlands,Netherlands Eredivisie,NAC Breda,2012/2013,25,27
Netherlands,Netherlands Eredivisie,NAC Breda,2011/2012,27,22
Netherlands,Netherlands Eredivisie,NAC Breda,2013/2014,25,19
Netherlands,Netherlands Eredivisie,NAC Breda,2008/2009,21,22
Netherlands,Netherlands Eredivisie,NAC Breda,2009/2010,26,17
Italy,Italy Serie A,Napoli,2011/2012,37,20
Italy,Italy Serie A,Napoli,2012/2013,44,18
Italy,Italy Serie A,Napoli,2009/2010,26,16
Italy,Italy Serie A,Napoli,2015/2016,49,12
Italy,Italy Serie A,Napoli,2014/2015,44,24
Italy,Italy Serie A,Napoli,2010/2011,33,15
Italy,Italy Serie A,Napoli,2013/2014,43,15
Italy,Italy Serie A,Napoli,2008/2009,27,16
Portugal,Portugal Liga ZON Sagres,Naval 1° de Maio,2010/2011,12,24
Portugal,Portugal Liga ZON Sagres,Naval 1° de Maio,2009/2010,12,17
Portugal,Portugal Liga ZON Sagres,Naval 1° de Maio,2008/2009,13,15
Switzerland,Switzerland Super League,Neuchâtel Xamax,2011/2012,12,10
Switzerland,Switzerland Super League,Neuchâtel Xamax,2010/2011,23,35
Switzerland,Switzerland Super League,Neuchâtel Xamax,2009/2010,35,27
Switzerland,Switzerland Super League,Neuchâtel Xamax,2008/2009,36,29
England,England Premier League,Newcastle United,2011/2012,29,17
England,England Premier League,Newcastle United,2010/2011,41,27
England,England Premier League,Newcastle United,2014/2015,26,27
England,England Premier League,Newcastle United,2012/2013,24,31
England,England Premier League,Newcastle United,2013/2014,23,28
England,England Premier League,Newcastle United,2008/2009,24,29
England,England Premier League,Newcastle United,2015/2016,32,24
England,England Premier League,Norwich City,2011/2012,28,30
England,England Premier League,Norwich City,2015/2016,26,30
England,England Premier League,Norwich City,2012/2013,25,20
England,England Premier League,Norwich City,2013/2014,17,18
Italy,Italy Serie A,Novara,2011/2012,19,27
Poland,Poland Ekstraklasa,Odra Wodzisław,2008/2009,14,12
Poland,Poland Ekstraklasa,Odra Wodzisław,2009/2010,15,20
France,France Ligue 1,OGC Nice,2012/2013,35,17
France,France Ligue 1,OGC Nice,2010/2011,22,22
France,France Ligue 1,OGC Nice,2015/2016,32,16
France,France Ligue 1,OGC Nice,2013/2014,22,16
France,France Ligue 1,OGC Nice,2014/2015,21,24
France,France Ligue 1,OGC Nice,2011/2012,21,13
France,France Ligue 1,OGC Nice,2008/2009,22,19
France,France Ligue 1,OGC Nice,2009/2010,23,23
France,France Ligue 1,Olympique de Marseille,2012/2013,25,18
France,France Ligue 1,Olympique de Marseille,2008/2009,35,22
France,France Ligue 1,Olympique de Marseille,2015/2016,27,24
France,France Ligue 1,Olympique de Marseille,2014/2015,40,22
France,France Ligue 1,Olympique de Marseille,2010/2011,34,19
France,France Ligue 1,Olympique de Marseille,2009/2010,37,14
France,France Ligue 1,Olympique de Marseille,2011/2012,26,15
France,France Ligue 1,Olympique de Marseille,2013/2014,30,20
France,France Ligue 1,Olympique Lyonnais,2012/2013,34,17
France,France Ligue 1,Olympique Lyonnais,2008/2009,32,15
France,France Ligue 1,Olympique Lyonnais,2009/2010,32,17
France,France Ligue 1,Olympique Lyonnais,2010/2011,35,12
France,France Ligue 1,Olympique Lyonnais,2011/2012,44,27
France,France Ligue 1,Olympique Lyonnais,2015/2016,42,16
France,France Ligue 1,Olympique Lyonnais,2013/2014,30,15
France,France Ligue 1,Olympique Lyonnais,2014/2015,40,11
Belgium,Belgium Jupiler League,Oud-Heverlee Leuven,2012/2013,26,27
Belgium,Belgium Jupiler League,Oud-Heverlee Leuven,2015/2016,23,22
Belgium,Belgium Jupiler League,Oud-Heverlee Leuven,2011/2012,25,24
Poland,Poland Ekstraklasa,P. Warszawa,2008/2009,19,10
Poland,Poland Ekstraklasa,P. Warszawa,2010/2011,22,12
Poland,Poland Ekstraklasa,P. Warszawa,2012/2013,20,17
Poland,Poland Ekstraklasa,P. Warszawa,2011/2012,22,14
Poland,Poland Ekstraklasa,P. Warszawa,2009/2010,13,15
Italy,Italy Serie A,Palermo,2015/2016,24,30
Italy,Italy Serie A,Palermo,2014/2015,30,25
Italy,Italy Serie A,Palermo,2009/2010,34,14
Italy,Italy Serie A,Palermo,2011/2012,38,30
Italy,Italy Serie A,Palermo,2012/2013,24,26
Italy,Italy Serie A,Palermo,2010/2011,33,28
Italy,Italy Serie A,Palermo,2008/2009,42,25
France,France Ligue 1,Paris Saint-Germain,2010/2011,33,20
France,France Ligue 1,Paris Saint-Germain,2013/2014,51,7
France,France Ligue 1,Paris Saint-Germain,2011/2012,42,16
France,France Ligue 1,Paris Saint-Germain,2012/2013,34,10
France,France Ligue 1,Paris Saint-Germain,2014/2015,52,14
France,France Ligue 1,Paris Saint-Germain,2009/2010,32,20
France,France Ligue 1,Paris Saint-Germain,2008/2009,29,17
France,France Ligue 1,Paris Saint-Germain,2015/2016,59,12
Italy,Italy Serie A,Parma,2009/2010,24,17
Italy,Italy Serie A,Parma,2012/2013,28,18
Italy,Italy Serie A,Parma,2014/2015,19,27
Italy,Italy Serie A,Parma,2013/2014,27,18
Italy,Italy Serie A,Parma,2010/2011,21,16
Italy,Italy Serie A,Parma,2011/2012,32,18
Scotland,Scotland Premier League,Partick Thistle F.C.,2014/2015,32,22
Scotland,Scotland Premier League,Partick Thistle F.C.,2013/2014,21,37
Scotland,Scotland Premier League,Partick Thistle F.C.,2015/2016,21,29
Netherlands,Netherlands Eredivisie,PEC Zwolle,2013/2014,26,20
Netherlands,Netherlands Eredivisie,PEC Zwolle,2012/2013,23,29
Netherlands,Netherlands Eredivisie,PEC Zwolle,2015/2016,35,27
Netherlands,Netherlands Eredivisie,PEC Zwolle,2014/2015,40,15
Italy,Italy Serie A,Pescara,2012/2013,15,42
Poland,Poland Ekstraklasa,Piast Gliwice,2014/2015,26,16
Poland,Poland Ekstraklasa,Piast Gliwice,2012/2013,18,19
Poland,Poland Ekstraklasa,Piast Gliwice,2013/2014,16,15
Poland,Poland Ekstraklasa,Piast Gliwice,2009/2010,17,23
Poland,Poland Ekstraklasa,Piast Gliwice,2008/2009,11,14
Poland,Poland Ekstraklasa,Piast Gliwice,2015/2016,27,9
Poland,Poland Ekstraklasa,Podbeskidzie Bielsko-Biała,2014/2015,22,22
Poland,Poland Ekstraklasa,Podbeskidzie Bielsko-Biała,2015/2016,19,22
Poland,Poland Ekstraklasa,Podbeskidzie Bielsko-Biała,2011/2012,12,14
Poland,Poland Ekstraklasa,Podbeskidzie Bielsko-Biała,2013/2014,11,9
Poland,Poland Ekstraklasa,Podbeskidzie Bielsko-Biała,2012/2013,21,24
Poland,Poland Ekstraklasa,Pogoń Szczecin,2015/2016,19,15
Poland,Poland Ekstraklasa,Pogoń Szczecin,2014/2015,24,13
Poland,Poland Ekstraklasa,Pogoń Szczecin,2012/2013,17,17
Poland,Poland Ekstraklasa,Pogoń Szczecin,2013/2014,25,18
Poland,Poland Ekstraklasa,Polonia Bytom,2010/2011,41,28
Poland,Poland Ekstraklasa,Polonia Bytom,2012/2013,19,15
Poland,Poland Ekstraklasa,Polonia Bytom,2009/2010,19,12
Poland,Poland Ekstraklasa,Polonia Bytom,2014/2015,25,25
Poland,Poland Ekstraklasa,Polonia Bytom,2015/2016,17,21
Poland,Poland Ekstraklasa,Polonia Bytom,2011/2012,23,10
Poland,Poland Ekstraklasa,Polonia Bytom,2008/2009,36,33
Poland,Poland Ekstraklasa,Polonia Bytom,2013/2014,24,23
England,England Premier League,Portsmouth,2008/2009,26,29
England,England Premier League,Portsmouth,2009/2010,24,32
Netherlands,Netherlands Eredivisie,PSV,2014/2015,50,12
Netherlands,Netherlands Eredivisie,PSV,2013/2014,34,18
Netherlands,Netherlands Eredivisie,PSV,2012/2013,58,17
Netherlands,Netherlands Eredivisie,PSV,2008/2009,41,15
Netherlands,Netherlands Eredivisie,PSV,2011/2012,57,20
Netherlands,Netherlands Eredivisie,PSV,2009/2010,40,13
Netherlands,Netherlands Eredivisie,PSV,2015/2016,41,16
Netherlands,Netherlands Eredivisie,PSV,2010/2011,49,15
England,England Premier League,Queens Park Rangers,2011/2012,24,25
England,England Premier League,Queens Park Rangers,2012/2013,13,28
England,England Premier League,Queens Park Rangers,2014/2015,23,24
Spain,Spain LIGA BBVA,Racing Santander,2009/2010,17,32
Spain,Spain LIGA BBVA,Racing Santander,2011/2012,11,24
Spain,Spain LIGA BBVA,Racing Santander,2008/2009,28,22
Spain,Spain LIGA BBVA,Racing Santander,2010/2011,25,21
Belgium,Belgium Jupiler League,RAEC Mons,2012/2013,25,30
Belgium,Belgium Jupiler League,RAEC Mons,2011/2012,32,23
Belgium,Belgium Jupiler League,RAEC Mons,2008/2009,19,21
Scotland,Scotland Premier League,Rangers,2009/2010,52,13
Scotland,Scotland Premier League,Rangers,2010/2011,43,14
Scotland,Scotland Premier League,Rangers,2008/2009,44,15
Scotland,Scotland Premier League,Rangers,2011/2012,38,14
Spain,Spain LIGA BBVA,Rayo Vallecano,2014/2015,26,26
Spain,Spain LIGA BBVA,Rayo Vallecano,2012/2013,27,29
Spain,Spain LIGA BBVA,Rayo Vallecano,2011/2012,29,26
Spain,Spain LIGA BBVA,Rayo Vallecano,2013/2014,28,36
Spain,Spain LIGA BBVA,Rayo Vallecano,2015/2016,29,29
Spain,Spain LIGA BBVA,RC Celta de Vigo,2014/2015,30,22
Spain,Spain LIGA BBVA,RC Celta de Vigo,2013/2014,23,23
Spain,Spain LIGA BBVA,RC Celta de Vigo,2012/2013,23,21
Spain,Spain LIGA BBVA,RC Celta de Vigo,2015/2016,29,25
Spain,Spain LIGA BBVA,RC Deportivo de La Coruña,2010/2011,22,19
Spain,Spain LIGA BBVA,RC Deportivo de La Coruña,2008/2009,30,18
Spain,Spain LIGA BBVA,RC Deportivo de La Coruña,2009/2010,22,21
Spain,Spain LIGA BBVA,RC Deportivo de La Coruña,2012/2013,23,26
Spain,Spain LIGA BBVA,RC Deportivo de La Coruña,2014/2015,22,30
Spain,Spain LIGA BBVA,RC Deportivo de La Coruña,2015/2016,25,34
France,France Ligue 1,RC Lens,2009/2010,27,17
France,France Ligue 1,RC Lens,2010/2011,20,26
France,France Ligue 1,RC Lens,2014/2015,14,24
Spain,Spain LIGA BBVA,RC Recreativo,2008/2009,17,29
Spain,Spain LIGA BBVA,RCD Espanyol,2009/2010,20,17
Spain,Spain LIGA BBVA,RCD Espanyol,2013/2014,23,22
Spain,Spain LIGA BBVA,RCD Espanyol,2015/2016,22,28
Spain,Spain LIGA BBVA,RCD Espanyol,2010/2011,33,22
Spain,Spain LIGA BBVA,RCD Espanyol,2012/2013,25,28
Spain,Spain LIGA BBVA,RCD Espanyol,2008/2009,28,22
Spain,Spain LIGA BBVA,RCD Espanyol,2014/2015,23,19
Spain,Spain LIGA BBVA,RCD Espanyol,2011/2012,31,24
Spain,Spain LIGA BBVA,RCD Mallorca,2011/2012,21,15
Spain,Spain LIGA BBVA,RCD Mallorca,2009/2010,42,15
Spain,Spain LIGA BBVA,RCD Mallorca,2012/2013,26,30
Spain,Spain LIGA BBVA,RCD Mallorca,2008/2009,33,24
Spain,Spain LIGA BBVA,RCD Mallorca,2010/2011,25,19
England,England Premier League,Reading,2012/2013,23,33
Spain,Spain LIGA BBVA,Real Betis Balompié,2011/2012,28,25
Spain,Spain LIGA BBVA,Real Betis Balompié,2012/2013,28,18
Spain,Spain LIGA BBVA,Real Betis Balompié,2013/2014,19,31
Spain,Spain LIGA BBVA,Real Betis Balompié,2015/2016,17,23
Spain,Spain LIGA BBVA,Real Betis Balompié,2008/2009,24,25
Spain,Spain LIGA BBVA,Real Madrid CF,2014/2015,65,15
Spain,Spain LIGA BBVA,Real Madrid CF,2011/2012,70,19
Spain,Spain LIGA BBVA,Real Madrid CF,2009/2010,60,18
Spain,Spain LIGA BBVA,Real Madrid CF,2008/2009,49,29
Spain,Spain LIGA BBVA,Real Madrid CF,2010/2011,61,12
Spain,Spain LIGA BBVA,Real Madrid CF,2013/2014,63,17
Spain,Spain LIGA BBVA,Real Madrid CF,2015/2016,70,16
Spain,Spain LIGA BBVA,Real Madrid CF,2012/2013,67,21
Spain,Spain LIGA BBVA,Real Sociedad,2013/2014,38,19
Spain,Spain LIGA BBVA,Real Sociedad,2014/2015,29,21
Spain,Spain LIGA BBVA,Real Sociedad,2010/2011,27,21
Spain,Spain LIGA BBVA,Real Sociedad,2011/2012,29,17
Spain,Spain LIGA BBVA,Real Sociedad,2012/2013,41,22
Spain,Spain LIGA BBVA,Real Sociedad,2015/2016,22,20
Spain,Spain LIGA BBVA,Real Sporting de Gijón,2008/2009,24,37
Spain,Spain LIGA BBVA,Real Sporting de Gijón,2011/2012,24,26
Spain,Spain LIGA BBVA,Real Sporting de Gijón,2015/2016,28,28
Spain,Spain LIGA BBVA,Real Sporting de Gijón,2010/2011,23,16
Spain,Spain LIGA BBVA,Real Sporting de Gijón,2009/2010,20,18
Spain,Spain LIGA BBVA,Real Valladolid,2012/2013,29,26
Spain,Spain LIGA BBVA,Real Valladolid,2013/2014,20,17
Spain,Spain LIGA BBVA,Real Valladolid,2008/2009,22,17
Spain,Spain LIGA BBVA,Real Valladolid,2009/2010,23,32
Spain,Spain LIGA BBVA,Real Zaragoza,2009/2010,27,23
Spain,Spain LIGA BBVA,Real Zaragoza,2010/2011,26,27
Spain,Spain LIGA BBVA,Real Zaragoza,2012/2013,23,27
Spain,Spain LIGA BBVA,Real Zaragoza,2011/2012,19,24
Italy,Italy Serie A,Reggio Calabria,2008/2009,23,27
Portugal,Portugal Liga ZON Sagres,Rio Ave FC,2012/2013,14,17
Portugal,Portugal Liga ZON Sagres,Rio Ave FC,2015/2016,20,18
Portugal,Portugal Liga ZON Sagres,Rio Ave FC,2010/2011,17,13
Portugal,Portugal Liga ZON Sagres,Rio Ave FC,2014/2015,21,15
Portugal,Portugal Liga ZON Sagres,Rio Ave FC,2013/2014,10,20
Portugal,Portugal Liga ZON Sagres,Rio Ave FC,2011/2012,23,18
Portugal,Portugal Liga ZON Sagres,Rio Ave FC,2008/2009,16,17
Portugal,Portugal Liga ZON Sagres,Rio Ave FC,2009/2010,10,14
Netherlands,Netherlands Eredivisie,RKC Waalwijk,2011/2012,24,19
Netherlands,Netherlands Eredivisie,RKC Waalwijk,2012/2013,24,19
Netherlands,Netherlands Eredivisie,RKC Waalwijk,2013/2014,26,30
Netherlands,Netherlands Eredivisie,RKC Waalwijk,2009/2010,18,30
Netherlands,Netherlands Eredivisie,Roda JC Kerkrade,2015/2016,15,25
Netherlands,Netherlands Eredivisie,Roda JC Kerkrade,2012/2013,29,18
Netherlands,Netherlands Eredivisie,Roda JC Kerkrade,2011/2012,34,25
Netherlands,Netherlands Eredivisie,Roda JC Kerkrade,2009/2010,37,28
Netherlands,Netherlands Eredivisie,Roda JC Kerkrade,2010/2011,34,16
Netherlands,Netherlands Eredivisie,Roda JC Kerkrade,2008/2009,22,25
Netherlands,Netherlands Eredivisie,Roda JC Kerkrade,2013/2014,21,30
Italy,Italy Serie A,Roma,2014/2015,31,14
Italy,Italy Serie A,Roma,2009/2010,36,17
Italy,Italy Serie A,Roma,2015/2016,44,17
Italy,Italy Serie A,Roma,2012/2013,40,24
Italy,Italy Serie A,Roma,2013/2014,44,9
Italy,Italy Serie A,Roma,2010/2011,31,18
Italy,Italy Serie A,Roma,2011/2012,38,20
Italy,Italy Serie A,Roma,2008/2009,35,23
Scotland,Scotland Premier League,Ross County FC,2012/2013,22,15
Scotland,Scotland Premier League,Ross County FC,2013/2014,25,29
Scotland,Scotland Premier League,Ross County FC,2015/2016,29,33
Scotland,Scotland Premier League,Ross County FC,2014/2015,21,31
Belgium,Belgium Jupiler League,Royal Excel Mouscron,2014/2015,23,24
Belgium,Belgium Jupiler League,Royal Excel Mouscron,2015/2016,18,22
Belgium,Belgium Jupiler League,Royal Excel Mouscron,2008/2009,28,20
Belgium,Belgium Jupiler League,RSC Anderlecht,2015/2016,29,13
Belgium,Belgium Jupiler League,RSC Anderlecht,2014/2015,25,11
Belgium,Belgium Jupiler League,RSC Anderlecht,2010/2011,39,7
Belgium,Belgium Jupiler League,RSC Anderlecht,2009/2010,27,10
Belgium,Belgium Jupiler League,RSC Anderlecht,2012/2013,35,10
Belgium,Belgium Jupiler League,RSC Anderlecht,2008/2009,48,15
Belgium,Belgium Jupiler League,RSC Anderlecht,2011/2012,44,13
Poland,Poland Ekstraklasa,Ruch Chorzów,2009/2010,22,12
Poland,Poland Ekstraklasa,Ruch Chorzów,2015/2016,20,26
Poland,Poland Ekstraklasa,Ruch Chorzów,2014/2015,20,14
Poland,Poland Ekstraklasa,Ruch Chorzów,2011/2012,24,12
Poland,Poland Ekstraklasa,Ruch Chorzów,2010/2011,14,12
Poland,Poland Ekstraklasa,Ruch Chorzów,2008/2009,13,11
Poland,Poland Ekstraklasa,Ruch Chorzów,2013/2014,18,15
Poland,Poland Ekstraklasa,Ruch Chorzów,2012/2013,17,21
Portugal,Portugal Liga ZON Sagres,S.C. Olhanense,2012/2013,13,20
Portugal,Portugal Liga ZON Sagres,S.C. Olhanense,2010/2011,16,17
Portugal,Portugal Liga ZON Sagres,S.C. Olhanense,2013/2014,13,17
Portugal,Portugal Liga ZON Sagres,S.C. Olhanense,2011/2012,16,20
Portugal,Portugal Liga ZON Sagres,S.C. Olhanense,2009/2010,12,18
Italy,Italy Serie A,Sampdoria,2012/2013,25,22
Italy,Italy Serie A,Sampdoria,2015/2016,29,25
Italy,Italy Serie A,Sampdoria,2014/2015,23,15
Italy,Italy Serie A,Sampdoria,2013/2014,28,29
Italy,Italy Serie A,Sampdoria,2010/2011,21,21
Italy,Italy Serie A,Sampdoria,2009/2010,31,10
Italy,Italy Serie A,Sampdoria,2008/2009,33,21
Italy,Italy Serie A,Sassuolo,2015/2016,25,20
Italy,Italy Serie A,Sassuolo,2014/2015,25,22
Italy,Italy Serie A,Sassuolo,2013/2014,23,39
France,France Ligue 1,SC Bastia,2014/2015,24,18
France,France Ligue 1,SC Bastia,2013/2014,24,18
France,France Ligue 1,SC Bastia,2012/2013,30,26
France,France Ligue 1,SC Bastia,2015/2016,23,14
Portugal,Portugal Liga ZON Sagres,SC Beira Mar,2012/2013,21,26
Portugal,Portugal Liga ZON Sagres,SC Beira Mar,2011/2012,13,19
Portugal,Portugal Liga ZON Sagres,SC Beira Mar,2010/2011,17,17
Portugal,Portugal Liga ZON Sagres,SC Braga,2014/2015,32,9
Portugal,Portugal Liga ZON Sagres,SC Braga,2010/2011,28,15
Portugal,Portugal Liga ZON Sagres,SC Braga,2012/2013,34,23
Portugal,Portugal Liga ZON Sagres,SC Braga,2011/2012,33,11
Portugal,Portugal Liga ZON Sagres,SC Braga,2013/2014,26,18
Portugal,Portugal Liga ZON Sagres,SC Braga,2009/2010,27,6
Portugal,Portugal Liga ZON Sagres,SC Braga,2008/2009,18,10
Portugal,Portugal Liga ZON Sagres,SC Braga,2015/2016,41,17
Netherlands,Netherlands Eredivisie,SC Cambuur,2014/2015,25,22
Netherlands,Netherlands Eredivisie,SC Cambuur,2013/2014,30,19
Netherlands,Netherlands Eredivisie,SC Cambuur,2015/2016,12,32
Germany,Germany 1. Bundesliga,SC Freiburg,2013/2014,25,30
Germany,Germany 1. Bundesliga,SC Freiburg,2011/2012,24,20
Germany,Germany 1. Bundesliga,SC Freiburg,2010/2011,24,24
Germany,Germany 1. Bundesliga,SC Freiburg,2014/2015,21,22
Germany,Germany 1. Bundesliga,SC Freiburg,2012/2013,25,18
Germany,Germany 1. Bundesliga,SC Freiburg,2009/2010,14,26
Netherlands,Netherlands Eredivisie,SC Heerenveen,2015/2016,24,29
Netherlands,Netherlands Eredivisie,SC Heerenveen,2010/2011,35,23
Netherlands,Netherlands Eredivisie,SC Heerenveen,2009/2010,25,19
Netherlands,Netherlands Eredivisie,SC Heerenveen,2012/2013,29,30
Netherlands,Netherlands Eredivisie,SC Heerenveen,2011/2012,37,31
Netherlands,Netherlands Eredivisie,SC Heerenveen,2014/2015,33,21
Netherlands,Netherlands Eredivisie,SC Heerenveen,2008/2009,41,22
Netherlands,Netherlands Eredivisie,SC Heerenveen,2013/2014,43,27
Germany,Germany 1. Bundesliga,SC Paderborn 07,2014/2015,21,31
Spain,Spain LIGA BBVA,SD Eibar,2015/2016,26,22
Spain,Spain LIGA BBVA,SD Eibar,2014/2015,20,29
Switzerland,Switzerland Super League,Servette FC,2012/2013,18,22
Switzerland,Switzerland Super League,Servette FC,2011/2012,23,27
Spain,Spain LIGA BBVA,Sevilla FC,2012/2013,41,21
Spain,Spain LIGA BBVA,Sevilla FC,2011/2012,32,25
Spain,Spain LIGA BBVA,Sevilla FC,2015/2016,38,21
Spain,Spain LIGA BBVA,Sevilla FC,2008/2009,28,20
Spain,Spain LIGA BBVA,Sevilla FC,2014/2015,38,13
Spain,Spain LIGA BBVA,Sevilla FC,2013/2014,40,21
Spain,Spain LIGA BBVA,Sevilla FC,2009/2010,33,18
Spain,Spain LIGA BBVA,Sevilla FC,2010/2011,35,27
Italy,Italy Serie A,Siena,2009/2010,17,25
Italy,Italy Serie A,Siena,2012/2013,16,19
Italy,Italy Serie A,Siena,2008/2009,18,18
Italy,Italy Serie A,Siena,2011/2012,24,19
Belgium,Belgium Jupiler League,Sint-Truidense VV,2011/2012,20,29
Belgium,Belgium Jupiler League,Sint-Truidense VV,2015/2016,17,23
Belgium,Belgium Jupiler League,Sint-Truidense VV,2009/2010,21,18
Belgium,Belgium Jupiler League,Sint-Truidense VV,2010/2011,12,20
Portugal,Portugal Liga ZON Sagres,SL Benfica,2008/2009,23,14
Portugal,Portugal Liga ZON Sagres,SL Benfica,2010/2011,36,14
Portugal,Portugal Liga ZON Sagres,SL Benfica,2015/2016,52,13
Portugal,Portugal Liga ZON Sagres,SL Benfica,2013/2014,30,6
Portugal,Portugal Liga ZON Sagres,SL Benfica,2009/2010,46,6
Portugal,Portugal Liga ZON Sagres,SL Benfica,2011/2012,44,15
Portugal,Portugal Liga ZON Sagres,SL Benfica,2014/2015,48,5
Portugal,Portugal Liga ZON Sagres,SL Benfica,2012/2013,42,9
Poland,Poland Ekstraklasa,Śląsk Wrocław,2009/2010,19,14
Poland,Poland Ekstraklasa,Śląsk Wrocław,2013/2014,21,16
Poland,Poland Ekstraklasa,Śląsk Wrocław,2012/2013,23,15
Poland,Poland Ekstraklasa,Śląsk Wrocław,2014/2015,21,9
Poland,Poland Ekstraklasa,Śląsk Wrocław,2010/2011,27,13
Poland,Poland Ekstraklasa,Śląsk Wrocław,2011/2012,26,14
Poland,Poland Ekstraklasa,Śląsk Wrocław,2008/2009,25,12
Poland,Poland Ekstraklasa,Śląsk Wrocław,2015/2016,14,14
France,France Ligue 1,SM Caen,2015/2016,19,23
France,France Ligue 1,SM Caen,2008/2009,22,17
France,France Ligue 1,SM Caen,2011/2012,20,25
France,France Ligue 1,SM Caen,2014/2015,26,25
France,France Ligue 1,SM Caen,2010/2011,22,25
England,England Premier League,Southampton,2013/2014,32,23
England,England Premier League,Southampton,2012/2013,26,24
England,England Premier League,Southampton,2015/2016,39,22
England,England Premier League,Southampton,2014/2015,37,13
Netherlands,Netherlands Eredivisie,Sparta Rotterdam,2009/2010,18,26
Netherlands,Netherlands Eredivisie,Sparta Rotterdam,2008/2009,26,19
Belgium,Belgium Jupiler League,Sporting Charleroi,2010/2011,10,20
Belgium,Belgium Jupiler League,Sporting Charleroi,2012/2013,17,21
Belgium,Belgium Jupiler League,Sporting Charleroi,2014/2015,23,12
Belgium,Belgium Jupiler League,Sporting Charleroi,2015/2016,20,16
Belgium,Belgium Jupiler League,Sporting Charleroi,2008/2009,26,19
Belgium,Belgium Jupiler League,Sporting Charleroi,2009/2010,17,23
Portugal,Portugal Liga ZON Sagres,Sporting CP,2014/2015,38,14
Portugal,Portugal Liga ZON Sagres,Sporting CP,2011/2012,32,9
Portugal,Portugal Liga ZON Sagres,Sporting CP,2009/2010,24,13
Portugal,Portugal Liga ZON Sagres,Sporting CP,2012/2013,16,14
Portugal,Portugal Liga ZON Sagres,Sporting CP,2008/2009,29,13
Portugal,Portugal Liga ZON Sagres,Sporting CP,2013/2014,28,7
Portugal,Portugal Liga ZON Sagres,Sporting CP,2015/2016,39,12
Portugal,Portugal Liga ZON Sagres,Sporting CP,2010/2011,18,16
Belgium,Belgium Jupiler League,Sporting Lokeren,2010/2011,25,17
Belgium,Belgium Jupiler League,Sporting Lokeren,2008/2009,22,13
Belgium,Belgium Jupiler League,Sporting Lokeren,2012/2013,24,20
Belgium,Belgium Jupiler League,Sporting Lokeren,2011/2012,21,15
Belgium,Belgium Jupiler League,Sporting Lokeren,2009/2010,14,21
Belgium,Belgium Jupiler League,Sporting Lokeren,2015/2016,16,19
Belgium,Belgium Jupiler League,Sporting Lokeren,2014/2015,27,18
Germany,Germany 1. Bundesliga,SpVgg Greuther Fürth,2012/2013,10,36
Scotland,Scotland Premier League,St. Johnstone FC,2015/2016,27,22
Scotland,Scotland Premier League,St. Johnstone FC,2014/2015,19,17
Scotland,Scotland Premier League,St. Johnstone FC,2011/2012,20,30
Scotland,Scotland Premier League,St. Johnstone FC,2009/2010,31,28
Scotland,Scotland Premier League,St. Johnstone FC,2013/2014,35,16
Scotland,Scotland Premier League,St. Johnstone FC,2012/2013,25,17
Scotland,Scotland Premier League,St. Johnstone FC,2010/2011,10,19
Scotland,Scotland Premier League,St. Mirren,2012/2013,25,31
Scotland,Scotland Premier League,St. Mirren,2014/2015,14,30
Scotland,Scotland Premier League,St. Mirren,2008/2009,14,21
Scotland,Scotland Premier League,St. Mirren,2009/2010,18,18
Scotland,Scotland Premier League,St. Mirren,2010/2011,20,27
Scotland,Scotland Premier League,St. Mirren,2011/2012,23,25
Scotland,Scotland Premier League,St. Mirren,2013/2014,23,20
France,France Ligue 1,Stade Brestois 29,2012/2013,17,26
France,France Ligue 1,Stade Brestois 29,2011/2012,22,17
France,France Ligue 1,Stade Brestois 29,2010/2011,21,17
France,France Ligue 1,Stade de Reims,2012/2013,20,13
France,France Ligue 1,Stade de Reims,2013/2014,26,26
France,France Ligue 1,Stade de Reims,2014/2015,24,29
France,France Ligue 1,Stade de Reims,2015/2016,28,23
France,France Ligue 1,Stade Rennais FC,2013/2014,24,23
France,France Ligue 1,Stade Rennais FC,2008/2009,28,14
France,France Ligue 1,Stade Rennais FC,2014/2015,22,22
France,France Ligue 1,Stade Rennais FC,2009/2010,31,18
France,France Ligue 1,Stade Rennais FC,2015/2016,25,25
France,France Ligue 1,Stade Rennais FC,2010/2011,22,13
France,France Ligue 1,Stade Rennais FC,2011/2012,30,19
France,France Ligue 1,Stade Rennais FC,2012/2013,23,27
Belgium,Belgium Jupiler League,Standard de Liège,2014/2015,26,19
Belgium,Belgium Jupiler League,Standard de Liège,2015/2016,22,16
Belgium,Belgium Jupiler League,Standard de Liège,2010/2011,33,15
Belgium,Belgium Jupiler League,Standard de Liège,2011/2012,28,9
Belgium,Belgium Jupiler League,Standard de Liège,2012/2013,28,15
Belgium,Belgium Jupiler League,Standard de Liège,2009/2010,20,16
Belgium,Belgium Jupiler League,Standard de Liège,2008/2009,42,12
England,England Premier League,Stoke City,2013/2014,27,17
England,England Premier League,Stoke City,2011/2012,25,20
England,England Premier League,Stoke City,2010/2011,31,18
England,England Premier League,Stoke City,2009/2010,24,21
England,England Premier League,Stoke City,2008/2009,22,15
England,England Premier League,Stoke City,2015/2016,22,24
England,England Premier League,Stoke City,2014/2015,32,22
England,England Premier League,Stoke City,2012/2013,21,22
England,England Premier League,Sunderland,2010/2011,25,27
England,England Premier League,Sunderland,2015/2016,23,20
England,England Premier League,Sunderland,2008/2009,21,25
England,England Premier League,Sunderland,2014/2015,16,27
England,England Premier League,Sunderland,2013/2014,21,27
England,England Premier League,Sunderland,2009/2010,32,19
England,England Premier League,Sunderland,2011/2012,26,17
England,England Premier League,Sunderland,2012/2013,20,19
Germany,Germany 1. Bundesliga,SV Darmstadt 98,2015/2016,15,29
Germany,Germany 1. Bundesliga,SV Werder Bremen,2013/2014,21,30
Germany,Germany 1. Bundesliga,SV Werder Bremen,2011/2012,31,23
Germany,Germany 1. Bundesliga,SV Werder Bremen,2012/2013,23,30
Germany,Germany 1. Bundesliga,SV Werder Bremen,2009/2010,34,21
Germany,Germany 1. Bundesliga,SV Werder Bremen,2015/2016,27,30
Germany,Germany 1. Bundesliga,SV Werder Bremen,2008/2009,43,22
Germany,Germany 1. Bundesliga,SV Werder Bremen,2010/2011,26,23
Germany,Germany 1. Bundesliga,SV Werder Bremen,2014/2015,25,24
Belgium,Belgium Jupiler League,SV Zulte-Waregem,2009/2010,23,13
Belgium,Belgium Jupiler League,SV Zulte-Waregem,2008/2009,31,15
Belgium,Belgium Jupiler League,SV Zulte-Waregem,2010/2011,23,19
Belgium,Belgium Jupiler League,SV Zulte-Waregem,2014/2015,19,28
Belgium,Belgium Jupiler League,SV Zulte-Waregem,2011/2012,23,19
Belgium,Belgium Jupiler League,SV Zulte-Waregem,2015/2016,30,22
Belgium,Belgium Jupiler League,SV Zulte-Waregem,2012/2013,27,19
England,England Premier League,Swansea City,2012/2013,28,26
England,England Premier League,Swansea City,2014/2015,27,22
England,England Premier League,Swansea City,2011/2012,27,18
England,England Premier League,Swansea City,2013/2014,33,26
England,England Premier League,Swansea City,2015/2016,20,20
Italy,Italy Serie A,Torino,2008/2009,21,25
Italy,Italy Serie A,Torino,2013/2014,31,20
Italy,Italy Serie A,Torino,2014/2015,25,14
Italy,Italy Serie A,Torino,2015/2016,25,25
Italy,Italy Serie A,Torino,2012/2013,23,26
England,England Premier League,Tottenham Hotspur,2012/2013,29,18
England,England Premier League,Tottenham Hotspur,2008/2009,21,10
England,England Premier League,Tottenham Hotspur,2009/2010,40,12
England,England Premier League,Tottenham Hotspur,2010/2011,30,19
England,England Premier League,Tottenham Hotspur,2014/2015,31,24
England,England Premier League,Tottenham Hotspur,2011/2012,39,17
England,England Premier League,Tottenham Hotspur,2013/2014,30,23
England,England Premier League,Tottenham Hotspur,2015/2016,35,15
France,France Ligue 1,Toulouse FC,2013/2014,23,26
France,France Ligue 1,Toulouse FC,2008/2009,26,8
France,France Ligue 1,Toulouse FC,2009/2010,19,16
France,France Ligue 1,Toulouse FC,2010/2011,19,13
France,France Ligue 1,Toulouse FC,2015/2016,29,21
France,France Ligue 1,Toulouse FC,2014/2015,28,29
France,France Ligue 1,Toulouse FC,2012/2013,30,26
France,France Ligue 1,Toulouse FC,2011/2012,20,11
Germany,Germany 1. Bundesliga,TSG 1899 Hoffenheim,2010/2011,28,21
Germany,Germany 1. Bundesliga,TSG 1899 Hoffenheim,2009/2010,26,20
Germany,Germany 1. Bundesliga,TSG 1899 Hoffenheim,2014/2015,31,26
Germany,Germany 1. Bundesliga,TSG 1899 Hoffenheim,2015/2016,22,25
Germany,Germany 1. Bundesliga,TSG 1899 Hoffenheim,2008/2009,30,18
Germany,Germany 1. Bundesliga,TSG 1899 Hoffenheim,2012/2013,21,30
Germany,Germany 1. Bundesliga,TSG 1899 Hoffenheim,2011/2012,21,17
Germany,Germany 1. Bundesliga,TSG 1899 Hoffenheim,2013/2014,43,31
Spain,Spain LIGA BBVA,UD Almería,2010/2011,23,35
Spain,Spain LIGA BBVA,UD Almería,2013/2014,26,31
Spain,Spain LIGA BBVA,UD Almería,2008/2009,27,20
Spain,Spain LIGA BBVA,UD Almería,2009/2010,25,23
Spain,Spain LIGA BBVA,UD Almería,2014/2015,20,28
Spain,Spain LIGA BBVA,UD Las Palmas,2015/2016,25,17
Italy,Italy Serie A,Udinese,2009/2010,38,25
Italy,Italy Serie A,Udinese,2011/2012,33,13
Italy,Italy Serie A,Udinese,2014/2015,26,29
Italy,Italy Serie A,Udinese,2008/2009,36,18
Italy,Italy Serie A,Udinese,2012/2013,31,16
Italy,Italy Serie A,Udinese,2015/2016,18,28
Italy,Italy Serie A,Udinese,2013/2014,27,24
Italy,Italy Serie A,Udinese,2010/2011,27,16
Portugal,Portugal Liga ZON Sagres,"União de Leiria, SAD",2010/2011,12,20
Portugal,Portugal Liga ZON Sagres,"União de Leiria, SAD",2009/2010,19,19
Portugal,Portugal Liga ZON Sagres,"União de Leiria, SAD",2011/2012,14,29
France,France Ligue 1,US Boulogne Cote D'Opale,2009/2010,19,31
Spain,Spain LIGA BBVA,Valencia CF,2012/2013,42,25
Spain,Spain LIGA BBVA,Valencia CF,2014/2015,42,10
Spain,Spain LIGA BBVA,Valencia CF,2011/2012,40,20
Spain,Spain LIGA BBVA,Valencia CF,2008/2009,47,26
Spain,Spain LIGA BBVA,Valencia CF,2009/2010,34,12
Spain,Spain LIGA BBVA,Valencia CF,2013/2014,35,24
Spain,Spain LIGA BBVA,Valencia CF,2015/2016,25,23
Spain,Spain LIGA BBVA,Valencia CF,2010/2011,34,21
France,France Ligue 1,Valenciennes FC,2008/2009,27,18
France,France Ligue 1,Valenciennes FC,2009/2010,23,21
France,France Ligue 1,Valenciennes FC,2012/2013,32,21
France,France Ligue 1,Valenciennes FC,2010/2011,28,17
France,France Ligue 1,Valenciennes FC,2011/2012,29,16
France,France Ligue 1,Valenciennes FC,2013/2014,23,31
Germany,Germany 1. Bundesliga,VfB Stuttgart,2008/2009,34,14
Germany,Germany 1. Bundesliga,VfB Stuttgart,2009/2010,28,21
Germany,Germany 1. Bundesliga,VfB Stuttgart,2013/2014,28,28
Germany,Germany 1. Bundesliga,VfB Stuttgart,2012/2013,20,28
Germany,Germany 1. Bundesliga,VfB Stuttgart,2014/2015,18,28
Germany,Germany 1. Bundesliga,VfB Stuttgart,2011/2012,36,17
Germany,Germany 1. Bundesliga,VfB Stuttgart,2010/2011,33,27
Germany,Germany 1. Bundesliga,VfB Stuttgart,2015/2016,22,32
Germany,Germany 1. Bundesliga,VfL Bochum,2008/2009,23,28
Germany,Germany 1. Bundesliga,VfL Bochum,2009/2010,18,35
Germany,Germany 1. Bundesliga,VfL Wolfsburg,2008/2009,51,13
Germany,Germany 1. Bundesliga,VfL Wolfsburg,2014/2015,38,13
Germany,Germany 1. Bundesliga,VfL Wolfsburg,2012/2013,21,30
Germany,Germany 1. Bundesliga,VfL Wolfsburg,2009/2010,39,39
Germany,Germany 1. Bundesliga,VfL Wolfsburg,2015/2016,32,17
Germany,Germany 1. Bundesliga,VfL Wolfsburg,2011/2012,29,22
Germany,Germany 1. Bundesliga,VfL Wolfsburg,2013/2014,37,22
Germany,Germany 1. Bundesliga,VfL Wolfsburg,2010/2011,27,26
Spain,Spain LIGA BBVA,Villarreal CF,2011/2012,26,20
Spain,Spain LIGA BBVA,Villarreal CF,2010/2011,33,14
Spain,Spain LIGA BBVA,Villarreal CF,2013/2014,36,21
Spain,Spain LIGA BBVA,Villarreal CF,2015/2016,26,12
Spain,Spain LIGA BBVA,Villarreal CF,2014/2015,29,17
Spain,Spain LIGA BBVA,Villarreal CF,2008/2009,33,25
Spain,Spain LIGA BBVA,Villarreal CF,2009/2010,35,18
Netherlands,Netherlands Eredivisie,Vitesse,2012/2013,34,18
Netherlands,Netherlands Eredivisie,Vitesse,2015/2016,30,18
Netherlands,Netherlands Eredivisie,Vitesse,2014/2015,36,18
Netherlands,Netherlands Eredivisie,Vitesse,2013/2014,32,19
Netherlands,Netherlands Eredivisie,Vitesse,2011/2012,30,19
Netherlands,Netherlands Eredivisie,Vitesse,2010/2011,23,22
Netherlands,Netherlands Eredivisie,Vitesse,2009/2010,22,28
Netherlands,Netherlands Eredivisie,Vitesse,2008/2009,27,19
Portugal,Portugal Liga ZON Sagres,Vitória Guimarães,2015/2016,23,19
Portugal,Portugal Liga ZON Sagres,Vitória Guimarães,2008/2009,14,16
Portugal,Portugal Liga ZON Sagres,Vitória Guimarães,2010/2011,16,10
Portugal,Portugal Liga ZON Sagres,Vitória Guimarães,2009/2010,21,15
Portugal,Portugal Liga ZON Sagres,Vitória Guimarães,2012/2013,18,22
Portugal,Portugal Liga ZON Sagres,Vitória Guimarães,2013/2014,16,18
Portugal,Portugal Liga ZON Sagres,Vitória Guimarães,2011/2012,20,15
Portugal,Portugal Liga ZON Sagres,Vitória Guimarães,2014/2015,28,7
Portugal,Portugal Liga ZON Sagres,Vitória Setúbal,2011/2012,15,18
Portugal,Portugal Liga ZON Sagres,Vitória Setúbal,2010/2011,18,22
Portugal,Portugal Liga ZON Sagres,Vitória Setúbal,2013/2014,26,18
Portugal,Portugal Liga ZON Sagres,Vitória Setúbal,2012/2013,18,25
Portugal,Portugal Liga ZON Sagres,Vitória Setúbal,2009/2010,13,22
Portugal,Portugal Liga ZON Sagres,Vitória Setúbal,2014/2015,17,21
Portugal,Portugal Liga ZON Sagres,Vitória Setúbal,2008/2009,12,24
Portugal,Portugal Liga ZON Sagres,Vitória Setúbal,2015/2016,16,26
Netherlands,Netherlands Eredivisie,VVV-Venlo,2012/2013,22,42
Netherlands,Netherlands Eredivisie,VVV-Venlo,2010/2011,20,35
Netherlands,Netherlands Eredivisie,VVV-Venlo,2009/2010,30,23
Netherlands,Netherlands Eredivisie,VVV-Venlo,2011/2012,29,25
Belgium,Belgium Jupiler League,Waasland-Beveren,2015/2016,19,25
Belgium,Belgium Jupiler League,Waasland-Beveren,2012/2013,15,20
Belgium,Belgium Jupiler League,Waasland-Beveren,2013/2014,4,5
Belgium,Belgium Jupiler League,Waasland-Beveren,2014/2015,12,18
England,England Premier League,Watford,2015/2016,20,19
England,England Premier League,West Bromwich Albion,2010/2011,30,30
England,England Premier League,West Bromwich Albion,2015/2016,20,26
England,England Premier League,West Bromwich Albion,2013/2014,24,27
England,England Premier League,West Bromwich Albion,2011/2012,21,22
England,England Premier League,West Bromwich Albion,2014/2015,24,26
England,England Premier League,West Bromwich Albion,2008/2009,26,33
England,England Premier League,West Bromwich Albion,2012/2013,32,25
England,England Premier League,West Ham United,2013/2014,25,26
England,England Premier League,West Ham United,2009/2010,30,29
England,England Premier League,West Ham United,2015/2016,34,26
England,England Premier League,West Ham United,2010/2011,24,31
England,England Premier League,West Ham United,2008/2009,23,22
England,England Premier League,West Ham United,2014/2015,25,18
England,England Premier League,West Ham United,2012/2013,34,22
Poland,Poland Ekstraklasa,Widzew Łódź,2013/2014,18,18
Poland,Poland Ekstraklasa,Widzew Łódź,2011/2012,26,40
Poland,Poland Ekstraklasa,Widzew Łódź,2008/2009,15,17
Poland,Poland Ekstraklasa,Widzew Łódź,2012/2013,19,16
Poland,Poland Ekstraklasa,Widzew Łódź,2010/2011,26,12
England,England Premier League,Wigan Athletic,2011/2012,22,27
England,England Premier League,Wigan Athletic,2012/2013,26,39
England,England Premier League,Wigan Athletic,2008/2009,17,18
England,England Premier League,Wigan Athletic,2010/2011,22,34
England,England Premier League,Wigan Athletic,2009/2010,19,24
Netherlands,Netherlands Eredivisie,Willem II,2015/2016,19,26
Netherlands,Netherlands Eredivisie,Willem II,2009/2010,23,29
Netherlands,Netherlands Eredivisie,Willem II,2014/2015,25,22
Netherlands,Netherlands Eredivisie,Willem II,2010/2011,28,48
Netherlands,Netherlands Eredivisie,Willem II,2012/2013,23,35
Netherlands,Netherlands Eredivisie,Willem II,2008/2009,22,32
Poland,Poland Ekstraklasa,Wisła Kraków,2013/2014,23,6
Poland,Poland Ekstraklasa,Wisła Kraków,2012/2013,15,14
Poland,Poland Ekstraklasa,Wisła Kraków,2014/2015,20,18
Poland,Poland Ekstraklasa,Wisła Kraków,2008/2009,31,9
Poland,Poland Ekstraklasa,Wisła Kraków,2009/2010,18,9
Poland,Poland Ekstraklasa,Wisła Kraków,2015/2016,20,17
Poland,Poland Ekstraklasa,Wisła Kraków,2010/2011,27,11
Poland,Poland Ekstraklasa,Wisła Kraków,2011/2012,14,11
England,England Premier League,Wolverhampton Wanderers,2011/2012,19,43
England,England Premier League,Wolverhampton Wanderers,2009/2010,13,22
England,England Premier League,Wolverhampton Wanderers,2010/2011,30,30
Spain,Spain LIGA BBVA,Xerez Club Deportivo,2009/2010,20,29
Poland,Poland Ekstraklasa,Zagłębie Lubin,2009/2010,14,16
Poland,Poland Ekstraklasa,Zagłębie Lubin,2013/2014,23,21
Poland,Poland Ekstraklasa,Zagłębie Lubin,2011/2012,18,20
Poland,Poland Ekstraklasa,Zagłębie Lubin,2015/2016,23,21
Poland,Poland Ekstraklasa,Zagłębie Lubin,2010/2011,14,12
Poland,Poland Ekstraklasa,Zagłębie Lubin,2012/2013,24,18
Poland,Poland Ekstraklasa,Zawisza Bydgoszcz,2014/2015,16,22
Poland,Poland Ekstraklasa,Zawisza Bydgoszcz,2013/2014,27,16
